-- phpMyAdmin SQL Dump
-- version 4.5.4.1
-- http://www.phpmyadmin.net
--
-- Servidor: localhost
-- Tiempo de generación: 22-11-2017 a las 23:45:33
-- Versión del servidor: 5.7.11
-- Versión de PHP: 5.6.18

SET SQL_MODE = "NO_AUTO_VALUE_ON_ZERO";
SET time_zone = "+00:00";


/*!40101 SET @OLD_CHARACTER_SET_CLIENT=@@CHARACTER_SET_CLIENT */;
/*!40101 SET @OLD_CHARACTER_SET_RESULTS=@@CHARACTER_SET_RESULTS */;
/*!40101 SET @OLD_COLLATION_CONNECTION=@@COLLATION_CONNECTION */;
/*!40101 SET NAMES utf8mb4 */;

--
-- Base de datos: `coordpis-bd`
--

-- --------------------------------------------------------

--
-- Estructura de tabla para la tabla `anteproyecto`
--

CREATE TABLE `anteproyecto` (
  `idAnteproyecto` int(11) NOT NULL,
  `tituloAnteproyecto` varchar(300) NOT NULL,
  `fechaAnteproyecto` date NOT NULL,
  `programaAnteproyecto` int(11) NOT NULL,
  `directorAnteproyecto` int(11) NOT NULL
) ENGINE=InnoDB DEFAULT CHARSET=latin1;

--
-- Volcado de datos para la tabla `anteproyecto`
--

INSERT INTO `anteproyecto` (`idAnteproyecto`, `tituloAnteproyecto`, `fechaAnteproyecto`, `programaAnteproyecto`, `directorAnteproyecto`) VALUES
(1, 'la muerte', '2017-11-20', 26, 33);

-- --------------------------------------------------------

--
-- Estructura de tabla para la tabla `cargo`
--

CREATE TABLE `cargo` (
  `CARID` bigint(20) NOT NULL,
  `CARNOMBRE` varchar(75) NOT NULL
) ENGINE=InnoDB DEFAULT CHARSET=latin1;

--
-- Volcado de datos para la tabla `cargo`
--

INSERT INTO `cargo` (`CARID`, `CARNOMBRE`) VALUES
(1, 'Docente'),
(2, 'Administrativo');

-- --------------------------------------------------------

--
-- Estructura de tabla para la tabla `departamento`
--

CREATE TABLE `departamento` (
  `id_departamento` int(11) NOT NULL,
  `nombre` varchar(100) NOT NULL
) ENGINE=InnoDB DEFAULT CHARSET=utf8;

--
-- Volcado de datos para la tabla `departamento`
--

INSERT INTO `departamento` (`id_departamento`, `nombre`) VALUES
(1, 'Dpto Matematicas'),
(2, 'Dpto Física'),
(3, 'Humanidades'),
(4, 'Dpto de Educación Física, Recreación y Deporte'),
(5, 'Contables'),
(6, 'Derecho'),
(7, 'Dpto Telemática'),
(8, 'Dpto Sistemas');

-- --------------------------------------------------------

--
-- Estructura de tabla para la tabla `estudiante`
--

CREATE TABLE `estudiante` (
  `idEstudiante` int(11) NOT NULL,
  `nombreEstudiante` varchar(50) NOT NULL,
  `programaEstudiante` int(11) NOT NULL,
  `codigoEstudiante` varchar(15) NOT NULL
) ENGINE=InnoDB DEFAULT CHARSET=utf8;

--
-- Volcado de datos para la tabla `estudiante`
--

INSERT INTO `estudiante` (`idEstudiante`, `nombreEstudiante`, `programaEstudiante`, `codigoEstudiante`) VALUES
(1, 'Estudiante1', 26, ''),
(2, 'Jose David Muñoz Gomez', 26, ''),
(3, 'Javier Farc Pino', 26, '');

-- --------------------------------------------------------

--
-- Estructura de tabla para la tabla `estudiante_anteproyecto`
--

CREATE TABLE `estudiante_anteproyecto` (
  `estudiante` int(11) NOT NULL,
  `anteproyecto` int(11) NOT NULL
) ENGINE=InnoDB DEFAULT CHARSET=utf8;

--
-- Volcado de datos para la tabla `estudiante_anteproyecto`
--

INSERT INTO `estudiante_anteproyecto` (`estudiante`, `anteproyecto`) VALUES
(3, 1);

-- --------------------------------------------------------

--
-- Estructura de tabla para la tabla `facultad`
--

CREATE TABLE `facultad` (
  `idfacultad` int(11) NOT NULL,
  `facultadNombre` varchar(200) DEFAULT NULL
) ENGINE=InnoDB DEFAULT CHARSET=utf8;

--
-- Volcado de datos para la tabla `facultad`
--

INSERT INTO `facultad` (`idfacultad`, `facultadNombre`) VALUES
(1, 'Facultad de Artes'),
(2, 'Facultad de Ciencias Agrarias'),
(3, 'Facultad de Ciencias de la Salud'),
(4, 'Facultad de Ciencias Contables, Económicas y Administrativas'),
(5, 'Facultad de Ciencias Humanas y Sociales'),
(6, 'Facultad de Ciencias Naturales, Exactas y de la Educación'),
(7, 'Facultad de Derecho, Ciencias Políticas y Sociales'),
(8, 'Facultad de Ingeniería Civil'),
(9, 'Facultad de Ingeniería Electrónica y Telecomunicaciones');

-- --------------------------------------------------------

--
-- Estructura de tabla para la tabla `formatoa`
--

CREATE TABLE `formatoa` (
  `idFormatoA` int(11) NOT NULL,
  `claveFormatoA` varchar(45) NOT NULL,
  `anteproyectoFormatoA` int(11) NOT NULL
) ENGINE=InnoDB DEFAULT CHARSET=latin1;

-- --------------------------------------------------------

--
-- Estructura de tabla para la tabla `formatob`
--

CREATE TABLE `formatob` (
  `idFormatoB` int(11) NOT NULL,
  `claveFormatoB` varchar(45) DEFAULT NULL,
  `anteproyectoFormatoB` int(11) NOT NULL
) ENGINE=InnoDB DEFAULT CHARSET=latin1;

-- --------------------------------------------------------

--
-- Estructura de tabla para la tabla `formatoc`
--

CREATE TABLE `formatoc` (
  `idFormatoC` int(11) NOT NULL,
  `claveFormatoC` varchar(45) DEFAULT NULL,
  `anteproyectoFormatoC` int(11) NOT NULL
) ENGINE=InnoDB DEFAULT CHARSET=latin1;

-- --------------------------------------------------------

--
-- Estructura de tabla para la tabla `grupo`
--

CREATE TABLE `grupo` (
  `GRUID` varchar(20) NOT NULL,
  `GRUDESCRIPCION` varchar(255) DEFAULT NULL
) ENGINE=InnoDB DEFAULT CHARSET=latin1;

--
-- Volcado de datos para la tabla `grupo`
--

INSERT INTO `grupo` (`GRUID`, `GRUDESCRIPCION`) VALUES
('1', 'administrador'),
('2', 'coordinador'),
('3', 'jefe');

-- --------------------------------------------------------

--
-- Estructura de tabla para la tabla `materia`
--

CREATE TABLE `materia` (
  `id_materia` int(11) NOT NULL,
  `semestre` varchar(4) DEFAULT NULL,
  `codigo_materia` varchar(30) DEFAULT NULL,
  `nombre_materia` varchar(70) NOT NULL,
  `creditos` int(11) DEFAULT NULL,
  `intensidad_horaria` int(11) DEFAULT NULL,
  `numero_estudiantes` int(11) DEFAULT NULL,
  `grupos_solicitados` int(11) DEFAULT NULL,
  `grupos_cancelados` int(11) DEFAULT NULL,
  `grupos_ofertados` int(11) DEFAULT NULL,
  `grupos_fusionados` int(11) DEFAULT NULL,
  `grupos_nuevos` int(11) DEFAULT NULL,
  `id_departamento` int(11) NOT NULL
) ENGINE=InnoDB DEFAULT CHARSET=utf8;

--
-- Volcado de datos para la tabla `materia`
--

INSERT INTO `materia` (`id_materia`, `semestre`, `codigo_materia`, `nombre_materia`, `creditos`, `intensidad_horaria`, `numero_estudiantes`, `grupos_solicitados`, `grupos_cancelados`, `grupos_ofertados`, `grupos_fusionados`, `grupos_nuevos`, `id_departamento`) VALUES
(1, 'I', '306-1/MAT102', 'Cálculo I', 5, 4, 0, 0, 0, 0, 0, 0, 1),
(2, 'II', '307/MAT221', 'Álgebra Lineal', 4, 4, 0, 0, 0, 0, 0, 0, 1),
(3, 'II', '311-1/MAT201', 'Cálculo II', 4, 4, 0, 0, 0, 0, 0, 0, 1),
(4, 'III', '316-1/MAT202', 'Cálculo III', 4, 4, 0, 0, 0, 0, 0, 0, 1),
(5, 'IV', '322-1/MAT242', 'Ecuaciones Diferenciales Ordinarias', 4, 4, 0, 0, 0, 0, 0, 0, 1),
(6, 'VI', 'MAT131', 'Estadística y probabilidad', 4, 4, 0, 0, 0, 0, 0, 0, 1),
(7, 'II', '312-1/FIS112', 'Mecánica', 3, 4, 0, 0, 0, 0, 0, 0, 2),
(8, 'III', '317-1/FIS211', 'Electromagnetismo', 3, 4, 0, 0, 0, 0, 0, 0, 2),
(9, 'II', '318-1/FIS112L', 'Laboratorio de Mecánica', 1, 2, 0, 0, 0, 0, 0, 0, 2),
(10, 'IV', '323-1/FIS212', 'Vibraciones y Ondas', 3, 4, 0, 0, 0, 0, 0, 0, 2),
(11, 'III', '329-1/FIS211L', 'Laboratorio de Electromagnetismo', 1, 2, 0, 0, 0, 0, 0, 0, 2),
(12, 'I', 'EDP141', 'Lectura y Escritura', 2, 4, 0, 0, 0, 0, 0, 0, 3),
(13, 'I', 'EFISH1', 'Electiva FISH I', 2, 4, 0, 0, 0, 0, 0, 0, 3),
(14, 'II', 'EFISH2', 'Electiva FISH II', 2, 4, 0, 0, 0, 0, 0, 0, 3),
(15, 'III', 'EFISH3', 'Electiva FISH III', 2, 4, 0, 0, 0, 0, 0, 0, 3),
(16, 'X', '313-9', 'Ética', 2, 4, 0, 0, 0, 0, 0, 0, 3),
(17, 'C', 'Cualquier Semestre', 'Actividad Física Formativa', 0, 2, 0, 0, 0, 0, 0, 0, 4),
(18, 'VIII', '338', 'Investigación de Operaciones', 4, 4, 0, 0, 0, 0, 0, 0, 5),
(19, 'IX', '339', 'Fundamentos de Economia', 3, 4, 0, 0, 0, 0, 0, 0, 5),
(20, 'IX', '344', 'Gestión Empresarial', 3, 4, 0, 0, 0, 0, 0, 0, 5),
(21, 'IX', '351', 'Legislación Laboral', 1, 2, 0, 0, 0, 0, 0, 0, 6),
(22, 'V', 'SIS502', 'Arquitectura Computacional', 4, 6, 0, 0, 0, 0, 0, 0, 7),
(23, 'VIII', 'TLM815', 'Redes', 4, 6, 0, 0, 0, 0, 0, 0, 7),
(24, 'I', 'SIS0103', 'Introducción a la Ingenieria de sistemas', 1, 2, 0, 0, 0, 0, 0, 0, 8),
(25, 'I', 'SIS0101', 'Introducción a la Informática', 3, 4, 0, 0, 0, 0, 0, 0, 8),
(26, 'I', 'SIS0102', 'Laboratorio de Introducción a la Informatica', 1, 2, 0, 0, 0, 0, 0, 0, 8),
(27, 'II', 'SIS201', 'Progamación OO', 3, 4, 0, 0, 0, 0, 0, 0, 8),
(28, 'II', 'SIS201-L', 'Laboratorio Programación OO', 1, 2, 0, 0, 0, 0, 0, 0, 8),
(29, 'III', 'SIS301', 'Estructuras de Datos I', 3, 4, 0, 0, 0, 0, 0, 0, 8),
(30, 'III', 'SIS301L', 'Laboratorio de Estructuras de Datos I', 1, 2, 0, 0, 0, 0, 0, 0, 8),
(31, 'IV', 'SIS401', 'Estructuras de Datos II', 3, 4, 0, 0, 0, 0, 0, 0, 8),
(32, 'IV', 'SIS401L', 'Laboratorio de Estructuras de Datos II', 1, 2, 0, 0, 0, 0, 0, 0, 8),
(33, 'IV', 'SIS402', 'Bases de datos I', 3, 4, 0, 0, 0, 0, 0, 0, 8),
(34, 'IV', 'SIS402L', 'Laboratorio de Bases de Datos I', NULL, 2, 0, 0, 0, 0, 0, 0, 8),
(35, 'V', '328-1', 'Análisis Numérico', 4, 4, 0, 0, 0, 0, 0, 0, 8),
(36, 'V', 'SIS501', 'Teoría de la Computación', 3, 4, 0, 0, 0, 0, 0, 0, 8),
(37, 'V', 'SIS503', 'Ingeniería de Software I', 3, 4, 0, 0, 0, 0, 0, 0, 8),
(38, 'V', 'SIS503L', 'Labotario de Ingeniería de Software I', 1, 2, 0, 0, 0, 0, 0, 0, 8),
(39, 'V', 'SIS504', 'Bases de datos II', 3, 4, 0, 0, 0, 0, 0, 0, 8),
(40, 'V', 'SIS504L', 'Laboratorio de Bases de Datos II', 1, 2, 0, 0, 0, 0, 0, 0, 8),
(41, 'VI', 'SIS602', 'Ingeniería de Software II', 3, 4, 0, 0, 0, 0, 0, 0, 8),
(42, 'VI', 'SIS602L', 'Laboratorio de Ingeniería de Software II', 1, 2, 0, 0, 0, 0, 0, 0, 8),
(43, 'VI', 'SIS603', 'Sistemas Operativos', 3, 4, 0, 0, 0, 0, 0, 0, 8),
(44, 'VI', 'SIS603L', 'Laboratorio de Sistemas Operativos', 1, 2, 0, 0, 0, 0, 0, 0, 8),
(45, 'VI', 'SIS601', 'Estructuras de Lenguajes', 3, 4, 0, 0, 0, 0, 0, 0, 8),
(46, 'VI', 'SIS601L', 'Laboratorio de Estructuras de Lenguajes', 1, 2, 0, 0, 0, 0, 0, 0, 8),
(47, 'VII', 'SIS702', 'Sistemas Distribuidos', 3, 4, 0, 0, 0, 0, 0, 0, 8),
(48, 'VII', 'SIS702L', 'Laboratorio de Sistemas Distribuidos', 1, 2, 0, 0, 0, 0, 0, 0, 8),
(49, 'VII', 'SIS703', 'Ingeniería de Software III', 3, 4, 0, 0, 0, 0, 0, 0, 8),
(50, 'VII', 'SIS703L', 'Laboratorio de Ingeniería de Software III', 1, 2, 0, 0, 0, 0, 0, 0, 8),
(51, 'VII', 'SIS801', 'Metodología de la Investigación', 3, 4, 0, 0, 0, 0, 0, 0, 8),
(52, 'VII', 'SIS706', 'Teoría y Dinámica de Sistemas', 3, 4, 0, 0, 0, 0, 0, 0, 8),
(53, 'VII', '331', 'Inteligencia Artificial', 3, 6, 0, 0, 0, 0, 0, 0, 8),
(54, 'VIII', 'SIS803', 'Calidad de Software', 3, 4, 0, 0, 0, 0, 0, 0, 8),
(55, 'VIII', 'SIS802', 'Proyecto I', 3, 4, 0, 0, 0, 0, 0, 0, 8),
(56, 'IX', 'SIS902', 'Proyecto II', 3, 4, 0, 0, 0, 0, 0, 0, 8),
(57, 'IX', '345', 'Gestión de Proyectos Informáticos', 3, 4, 0, 0, 0, 0, 0, 0, 8),
(58, 'VIII', NULL, 'Electiva I', 3, 4, 0, 0, 0, 0, 0, 0, 8),
(59, 'VIII', NULL, 'Electiva II', 3, 4, 0, 0, 0, 0, 0, 0, 8),
(60, 'IX', NULL, 'Electiva III', 3, 4, 0, 0, 0, 0, 0, 0, 8),
(61, 'IX', NULL, 'Electiva IV', 3, 4, 0, 0, 0, 0, 0, 0, 8),
(62, 'X', NULL, 'Electiva V', 3, 4, 0, 0, 0, 0, 0, 0, 8);

-- --------------------------------------------------------

--
-- Estructura de tabla para la tabla `profesor`
--

CREATE TABLE `profesor` (
  `idProfesor` int(11) NOT NULL,
  `nombreProfesor` varchar(50) NOT NULL,
  `programaProfesor` int(11) NOT NULL,
  `universidadProfesor` varchar(50) DEFAULT NULL,
  `externoProfesor` bit(1) DEFAULT NULL,
  `codigoProfesor` varchar(15) NOT NULL
) ENGINE=InnoDB DEFAULT CHARSET=utf8;

--
-- Volcado de datos para la tabla `profesor`
--

INSERT INTO `profesor` (`idProfesor`, `nombreProfesor`, `programaProfesor`, `universidadProfesor`, `externoProfesor`, `codigoProfesor`) VALUES
(1, 'Profesor 1', 26, 'Unicauca', NULL, ''),
(21, 'Carlos Cobos', 26, 'Unicauca', NULL, ''),
(23, 'as', 26, NULL, NULL, ''),
(32, 'carlos', 26, NULL, NULL, ''),
(33, 'carlos cobos', 26, NULL, NULL, '');

-- --------------------------------------------------------

--
-- Estructura de tabla para la tabla `programa`
--

CREATE TABLE `programa` (
  `idPrograma` int(11) NOT NULL,
  `nombrePrograma` varchar(200) DEFAULT NULL,
  `idfacultad` int(11) NOT NULL
) ENGINE=InnoDB DEFAULT CHARSET=utf8;

--
-- Volcado de datos para la tabla `programa`
--

INSERT INTO `programa` (`idPrograma`, `nombrePrograma`, `idfacultad`) VALUES
(1, 'Administración de Empresas', 4),
(2, 'Antropología', 5),
(3, 'Artes Plásticas', 1),
(4, 'Biología', 6),
(5, 'Ciencia Política', 7),
(6, 'Comunicación Social', 7),
(7, 'Contaduría Pública', 4),
(8, 'Derecho', 7),
(9, 'Diseño Gráfico', 1),
(10, 'Dirección de Banda', 1),
(11, 'Economía', 4),
(12, 'Enfermería', 3),
(13, 'Filosofía', 5),
(14, 'Fisioterapia', 3),
(15, 'Fonoaudiología', 3),
(16, 'Geografía', 5),
(17, 'Geotecnología', 8),
(18, 'Historia', 5),
(19, 'Ingeniería Agroindustrial', 2),
(20, 'Ingeniería Agropecuaria', 2),
(21, 'Ingeniería Ambiental', 8),
(22, 'Ingeniería Civil', 8),
(23, 'Ingeniería Electrónica y Telecomunicaciones', 9),
(24, 'Ingeniería Forestal', 2),
(25, 'Ingeniería Física', 6),
(26, 'Ingeniería de Sistemas', 9),
(27, 'Ingeniería en Automática Industrial', 9),
(28, 'Lenguas Modernas', 5),
(29, 'Licenciatura en Educación Básica con Énfasis en Ciencias Naturales y Educación Ambiental', 6),
(30, 'Licenciatura en Educación Básica con Énfasis en Educación Artística', 6),
(31, 'Licenciatura en Educación Básica con Énfasis en Educación Física, Recreación y Deportes', 6),
(32, 'Licenciatura en Educación Básica con Énfasis en Lengua Castellana e Inglés', 6),
(33, 'Licenciatura en Español y Literatura', 5),
(34, 'Licenciatura en Etnoeducación', 5),
(35, 'Licenciatura en Lingüística y Semiótica (Santander de Quilichao)', 5),
(36, 'Licenciatura en Matemáticas', 6),
(37, 'Licenciatura en Música', 1),
(38, 'Música Instrumental', 1),
(39, 'Matemáticas', 6),
(40, 'Medicina', 3),
(41, 'Química', 6),
(42, 'Tecnología Agroindustrial', 2),
(43, 'Tecnología en Administración Financiera', 4),
(44, 'Tecnología en Telemática', 9),
(45, 'Turismo', 4);

-- --------------------------------------------------------

--
-- Estructura de tabla para la tabla `usuario`
--

CREATE TABLE `usuario` (
  `USUID` bigint(20) NOT NULL,
  `CARID` bigint(20) DEFAULT NULL,
  `USUFECHANACIMIENTO` datetime NOT NULL,
  `USUNOMBRES` varchar(75) NOT NULL,
  `USUAPELLIDOS` varchar(75) NOT NULL,
  `USUGENERO` char(1) NOT NULL,
  `USUNOMBREUSUARIO` varchar(75) NOT NULL,
  `USUCONTRASENA` varchar(250) NOT NULL,
  `USUEMAIL` varchar(150) NOT NULL,
  `USUFOTO` longblob,
  `USUESTADO` bit(1) DEFAULT b'0'
) ENGINE=InnoDB DEFAULT CHARSET=latin1;

--
-- Volcado de datos para la tabla `usuario`
--

INSERT INTO `usuario` (`USUID`, `CARID`, `USUFECHANACIMIENTO`, `USUNOMBRES`, `USUAPELLIDOS`, `USUGENERO`, `USUNOMBREUSUARIO`, `USUCONTRASENA`, `USUEMAIL`, `USUFOTO`, `USUESTADO`) VALUES
(1, 1, '1981-01-05 00:00:00', 'Pablo Augusto', 'Magé', 'M', 'pmage', '452b889d10df869834152618463e1c07ce88001a40c9fff5d4fdf300c65684c6', 'pmage@unicauca.edu.co', 0xffd8ffe000104a46494600010101004800480000ffdb0043000503040404030504040405050506070c08070707070f0b0b090c110f1212110f111113161c1713141a1511111821181a1d1d1f1f1f13172224221e241c1e1f1effc0000b080078005901012200ffc4001c0000010501010100000000000000000000060304050708020109ffc4003e10000103030203060304070803000000000102030400051106210712311322415161811471910842a1c11652535492b1d1151723324344627282e1f0ffda0008010100003f00b0d2f5cbb4055364138fda1a791de9b900ca7d47c72b3522c39248dde74ffe54e525d20e5c57f152895a929256e10075255b0a00d61c5ed35a7e6986993f1af36476c5b5775bf4cf89f966bdd39c5ab6ddc2571a3adc6ce42b91e4e41f91c558f63b947b9434498ae12850e87623e62a5db4129ea77f5a53b138dc9fad2886891824ed5d7667d6ab76592a5e48dea423c7dc6d4f19608db150dae755d8f46d99572bdcb4b49394b4d0dd6f2bf5523c7f95655d7fc68beeb69eec08ae3b6bb3b6494b6c2f0b5ed81cea1d7c7d2ab3bb5d4b984363b4483b9f5f3a534eea19d6b92d3b19d28ef751eb572e99e2aea2d3f708aef6e9911b947333800149ebbf9d6ade1ceafb56b2b2a2e16e70f3270975a56ca6cfafe545a119c1c529d9f8815d767e955e30ce0ec2a4a3343232299eacbc44d37a6ae17c9a4062130a7543382b206c91ea4e07bd605e2c6b8bceb8d552275c1d712d95623b1cddc651e000fe6687a3b13dc4fc2c08ee3bbf796849ef7fea9f0d25a8528495407307c81da9a3968b847590b61c052738c512c398b76237cc9ef253c84e6ae2fb306a89364e20c6b69715f07715161d415641563b87e79c56d0691914ba5baef92805867bd4fd96c015447db4ef860e8bb6d85b52b9ee2f95ba07ecd18fccfe159d34ce97fd20bfc26238486872f36fe7d6b46e92e17b6d21087006d23a848ea288a4e818919ce60952939c8c8a6d70d1f014c11d8339c6e4a45557acf875114f2e4400233e067091dc51f950e70ed93075e5a8c80595b5350167a608562be81c7402d2540e410083e74e12df4a53b3a028ed78e3d29f32d0db35957edbae293ac74f329c9e580b560f4ddc22857811699122e86e2a428476c025cc791f0ad10ceb4896c290cd92e52d091de783440fa6288ecbaa2cda818e564ada73c5b7104115d5da1400c2d6f496da4e33cca5002aaabedc6d0a9ab88d4f65f24f70a4e413e59f3aaee1dbdc91addb8d1d92e3cf4a484a475adc76e6d4cc261a564a90da5249f40053d40a57da82196f048a78da318acf9f6bcd1b36f8edaaf1051cea8319695a31fe60559d8f9fa51070534631178796f61090894b8fcee288df9944ab1edb0aeaff00a5f5a477d061cf690c890949472e4068f5206324fa7afa54adb6cae8b9368436a714a70e141be52a4781501b03486a082f3accc79c8ee4c6d9c8446e6c73728c9cd0fb90ed77182dc691a6936e7de63b564846143e78dc1a67c19d32e4ee2f76ca6ca99b7a8bcb59190308000f726b51251d297481b6d5de079507328c9ce29da1b271505aded2ab9c0ec4a8143492e2d041ef8009c7d450970fae7f0aefc0af6e43ca07bd1ecb4a5e495a8f747879d75626996f99e504732f38f3a814e20dfa434fb414cbc73d36c9a5aff0e218cb961b6c3811b1037a91e1ae9562c0cca9c1ced245c8a5d59e5c720c6c9a32ce2944938af726861800ec4629eb0800f9d31d570a4cad3f39b80e16a71617f0eb03385f29c6df87bd53d6466446b82c4b496e4b670f27a6143ad5936c9cd18e90e9076f1a6171b75b137537166486a4ad206ce0e64fcbca98b6c476ef4673921e7f9d294779794ed9dfe7bd3bba38a9b323db98392f2c0f6ab218406da4369e894803da951d6bb2ac6c2baa1a632a5608c53e42802052176b845b75ba44f98ea5a8f1db2e38b3e000cd52fa99e94a7a16b14247c0de39c94a06cd94a8a539f529464fae6a562baddc2dbfe2295c8b4edc8a20e69bb76ef826c96edff1255f796b5737d69b2580d4f4494f69112077da0b2a4abe79fca8df87b09732e0bbb38850699ca1b27c54460e3e5561a2bb35d0f0a536a186ce0e7ca86b5971174d69561466ce43d242494c665414b3bf8f80f7aa0f893c569fab962332150ed83fdba57bacf9abcff2ab3f80d7087a9f4349d273c2566182b639864842944e47a8513f5a52e161ba6969a4a53dac32ac20fdd57cbca9d7e97c36c06de6b94f4e95c454af53dd5b621b250d0ddd5e30027c6ac3d0f76b65cecad0b7f64c96496dc612465b524e0ed441915d120e2bb4915de6b0b6b7e32eadbcad6cb57030a21240663611b7aaba9a047ee4f495a9c71d2a2b2490a51249f9d3cb7b897168f5db7ab0f859a824e9cd4916e0dad5ca8500e252765a09dd35af63ae05eed2d3c80dc8892501492467208a02d63a5a3dad4994d655116b09c1192851e833e468bf49595bb4db86528edddef2d491d0780accfabe5cfb06b9b8a6df25f8ce3729652a6d4411939fce8b34cf18b5143086ae219b8a06ddf1cabfe21569693e2569ebe292c2dc5419276ecdf2304fa2bfae28ddb5852429241491907c0d299ffb7d2be624c504baa295056f814b465ad296de713dc390923719f23e46a56090529503d6896d527b3c1f4007d6b4c7d9cb52fc65b5fb03ab0551d25e607894157787b123eb445c51b9ca6d96e2aa32936f52d214ff0036ca59fbb8f0029f70dd3399b52d32141c8eeb8b5358ff004c038e5ebbf4cd50dc688859d79723e2b739c7b8a086d5cabdea4187b600e68c34aeb5bed896150e6a96d0eacba4a9047cbfa559bfde65d7f748bffdef5866546716a201df27af8d2505e79a2a477549230b4286527daa5603aa4b694a7bc7a54d4479590a50293803068ff86fa99ed3fa8a1dc1b5af08580e247de413de1f4ad15c48989b8dad36e82a6dde7e5752a076231b1fc69ff0ca7b659976779787d8739d08f34280c91ef9aaa7ed0f13b0d60dba3187a3255f89155601951c9f414ab41413951e94f99732dfb559df0bff00135965695297946e00dfd299ca8e92aed509e53f78f852f01b295007a03f5a99677dba62a5adee60e3a9abe383921bba5bcc49b216a7630e54efb941c607b11444975cb56a5877461455975c6547cf1be0d0c7da21f0f6a284b49cb6a8695a0f98249aa9d4eee90948040c1f5a552b1ca47a52ec9c2000ac922af5f8557eafe158de3bedb88565c4a579c1ef79539496cb87749c8c75a55842544052920e7afe74ed860768ac292a1e18352919206c946159f2a3de16dddcb66a58c55cdd9be0b2b1e59e86adbd46dc8692dfc3216425f0794a73b2b627eb55f7143e364cb81153164bc62472df306c9d8ac903db34142d37556e8b5cd27d1851a709b0de948eed9ae04abca3affa53c8fa7350152529b15cb7237f865f9fcab477f634afdd9dfe035fffd9, b'1');
INSERT INTO `usuario` (`USUID`, `CARID`, `USUFECHANACIMIENTO`, `USUNOMBRES`, `USUAPELLIDOS`, `USUGENERO`, `USUNOMBREUSUARIO`, `USUCONTRASENA`, `USUEMAIL`, `USUFOTO`, `USUESTADO`) VALUES
(2, 2, '1980-02-05 00:00:00', 'Francisco José', 'Pino Correa', 'F', 'fpino', '452b889d10df869834152618463e1c07ce88001a40c9fff5d4fdf300c65684c6', 'fpino@unicauca.edu.co', 0x89504e470d0a1a0a0000000d4948445200000095000000cf08060000018bb0a34800000009704859730000322200003222011fa0713c000000206348524d00007a25000080830000f9ff000080e8000052080001155800003a970000176fd75a1f900000fc234944415478daacd4498f1c671dc7f1eff3d4deddd535bdcc74cf1a1b7bc632e38c08328103621352b87041b920ce20459c101724a4c0010e7042c88025c80109c5724444a448010550101688d84eec21de208a673cab67ba667aefaaeaaaa71e0e73e879013c2fe0a3e7f7df84d69affd733015e7bf577faf6f55f912eae71fee22affb8fe1b3efbe2d739ee6504658f2c89d97fb8cee2daa768b58e587ffb0d3effe23788b29ce95a95bded6d7ef8e39f0809303dbb8046122711c3e188d130224d3306a33e3b1f3ec4726dccf100cb752805654cc340098de514188dfa484b4e7ee6fb3ee35413c509511c11673951928152d8418dabbf7c859a6b32fbbc42e59ace6044b7dbc77472dca9224a9d944a68adb9bbfe6ffddb1f7d87a3fd1061488a8e413fc9b9b119922b45966b0c21302d8b4ad16575ca424a0168b2242397926bffba2f4c80749c92ab9c07fd04af50247e1a125b3ea5e214bd410753802961cd97dc6e0fa84897d475c9a585effb44513289e9b82e52292e3ffb0cfefc65d6fffc3a1fbf7086af7ee90b1cb563ba875bf4c26d06fd11ebef6d5028384c2daf520ca6593eb340d81d4d30db76b12c0b2b98a65c2e6328c56e2fc1b40d1cc7c10b1aa8a8c7a03f040d693cc2718b58b649b15424ce4e464302689da3758e14165eb1c0d36144afd7e5c9d62ebff8f555da1beff3ce669748bab802fa718e659948404a8957f427d87f1edc25cd720c0b6cdb6336f07085c5fcd9b37ceb9b2fe1392ecfd52ca62b453eb3b2c41797ea0821d15a80865c65136cf9c2b328ad915601ab50a6e0d95cb9f25382da1c81efb3b97bc4c1d6269630595939c7fd41428e20d739b9d6645a4e30d37400418ec2d029bbed983fbe7b0fdbb3c81d87716663f915fac321f5b5cf91c709d9784c9a662834e1e1fe0443083a89c01402290541a140ae0da2611f5b77d96cedd0eef578b01b228a0d12a1e91cee118d4644518c16c664681f3edad03ffffeb751710f9d4386264d53bef7f2cbb45b2daebdf62651b88fe7c0ef6f7dc42716eb98a681ca734c03e244f1d7bb8f4e76539a069dd6011b7a99c6da0ac443aa97becc4bdffd01f5f925cead5cc071049e84b9d9062a4be8bb65a27283ca85e7b0e7ce4e620a6120b4646eb6ceeaf35f4322585d3dcf475b3bec6d3ce6f0839bd802763a11d55a93235122a856a94f37999f9be3ecc54f9eaa990669686cdb22668ab0fa695ebdfe365eb0c08ddb0fa89dbf4830bf4c67ea32524a6ca740b7ad710c1fd77190a6790a4380805aadc62b577e46b351e72b2fbcc0e27c93d76f6c919b1e57fff016776ebe85cac172cb78c50a7bad3e7ffacb3d2cad260df8e0e1137dedda1bdcba7d8766a389e37a6469ce4178c8cccc0cb76efd13bf5c45ab945481cc3bf8e5695caf8c5611ada74f78ffbd1b270d300c4992811610b63b045315dc8285e778dcbdf32e2b2babb88e871f4c33eceee1070b6038743a3d0cbb8ce254ccc78fb778e76f7f2719c7d46a75dac71db43608a602ca4185ddedffe23a263a4f198f531492f0e9636a33f30c7a6d84559c60c761486bef3ea6e131e59790868194827196218449b13c47928cd9ddfe90a58f5dc22ff9d8c53aa37e0b5bc6e87c7c0aeb0cc8b388a0328b16062a4b08c30e5114e324099e57421816b5c619f25cb17ef34d1cdba6e0cfd0e97549935358a63282ea1295a0c4caca3327d7338989a2116d9581104843b230bb48966534172f210d9bc1a04f78b84da1549d607b3b2dc6c99066639af5f5471cb4425cc7266c85546ab328a550e998ddbd4df6b7eee1b92ec9b0c36834c0f5ca5885e6e4d21e1c1e1f87071b341b65e238223c0e89a2845cc3388ed0d2c1f72b74db21f5c639c651c86098510a6c7235264b5a00fc8ff5b2f98deb2ae3f073eeb977eedcb93373e7c333b6633b21b2dd10ab81a411a87c1458b8884a91c8a2dd802a55ad2a60d10552915057acd823814062c322820554059542a0109542da1a2ad22849eb903671ecd88ec733e3b1efdcb95fe7dec322069b3dffc04fef7bf4e8fd3d47fcdf1bfd7b4f3ea62f6fc47cf56b4f1385018d469368e473e5e55ff0c9f34fd1edf628553cea5e158d44e411d276b9fe9b9f33b7788e51ac78f13bdf7d006d2e72909234550c6efe030d48cb66a414411862144cfefccb0b48d362afdbc1b46d4cab4018a5e43ac7764a07936158481111c51159a98952392ad34486c5c58b7f62656595474f2f90e69adcb24995262763a85254a631a571f0662f7dfd71dde9ecb1378ac87345cbb579732d208842b2ecc19d1742a0b566f17813956bb4d65806a82c4720b8f09f4637f29cbfdcee3035d1420849903994ca067e18522a58542c830c832d3f603d1348cbc190827eb787d718db5785fd35a5142cb44acc7ef64b9842f3f6df2ef3c3979e65e4c3dadd7b0c36fe45b0dbc7b08bfcf88d1bbcf0c2b728d7c6b9f4b31ff0e973e771aaadc3252c11a6a4d5f0b01d878657c1f1da4823c3f59ab8951a05db61b3bb8740e3965ceca28d4843ca6517611caa3a0c81916b1a9e832904492658babcc44f2ffc8aaa1bf3f2c54bbc726d8d6abd81360cb25c51306d36238d59285238ec6729129569ca4503b7dee49b27da4c9e9ac7b2aad4bd0a9f7b681ab33981a142befdc593247144962b6ca1c9b546effb990160db36719e605926a9ca993e779ef1b9334c1ef918af5dfa3bbfbbb282232dac92473808b0ed3260323d358d61c8ff5dd32ad8e4fb6cf9fd0e4bb7b789b39c9b1fdda069d599a9795c5b59639828acb38f1145431295d0d9dc6030e8a2d421d7d04252193f411c67d895069b1b7759ee28b6b73ba4a355221d2384662f4ac9ca33a461483a8ab18a2e99cac9737100ed8bcf3ca583ee16994a4800b44192a63cf7fcb3bcfaeb8b6c6d6eb1391cf2e4671ee6d577ae2284c4b0042610c5295ac3eb57961f406baa98a50fefb1b8f828db61813c13ccce9ea175e4288b4f7c85dffff6154c2361637d95fafc2318e448b74cdb5f61c31ac3f30e71a69298a614c8f6a768d75b4c4ecdb037d863e9f2bb8c354b14b28ce3c78e7169bbcaa0df6767d7e7f4d92f900a8bd9d90566e64f1fe2cc2c10a1711d97b9938f3031718295dbb7f8fe8f7ec27befddc26b4f71239ea1e496e9f677f003c51b7ff823454b633b45727548908534d171cab5ab1f70556b26c627b8bfbe0c95595e7beb264305cbd75fc76dcc33373dce28cad8de1912730cf7ca2a9f383b7f3099b41d4e7ef91bf47a3b9886a458743871fa091e3e7596b7dffd2bc34832bbf0388db14936b63609a214a7e4a133859470f5ad770ec2eea4c759db58a731368eed54e8eff4115a635916f30b9fa751abe1946d2c2971ca53345b47318481e37a2c5f7b931187dae9d6cd7f1247238250e17915a248e1fb0143dfc7abb589e38064142284647ded7dfabbbb6801d2345169fadf4f8501303b7f8a51b04bb351a759af5028588c8d3528161d86818f306c84298108912bea5e1dc7ad936b89ca14a6553c082b160a2449cccc91168e6d53a956d9eeed300a06345bd3949c228dda18c228327ef40c81bfcbea9d0fe875d6c8b294301c1e84457142d1a9a0b5a23bf0d9badf235509693ca0737f15cb2ee0fb017eff1e9ee7b1e70f0806ab24618f384e30a53c089b9c1ca7ead5f1aa656a1517af56c2401067367eef0e56c1a1e4bab8b529a27048ab3541b37d1c6d3808218876ef1e70d6a814fa13ed49aebf7f9b87e6a610083caf46148ee8df5f260ac3fdf324a894ea0c7ab718451aab98526a7c9c4c8500fc9b19738b91ec3aabf0b7f7d9e79c3a75afaeeeaabe4ecfd8f178c663c576669cd82610c9b12044414a2016414289b8080212440942e209212cc103a0f088480081940783034eb00627c48903634cf06492cccdd3ede9eee9eee94b7577755d4fd5b9edbd7998c1b1d37ecc03fb693f6d2dfdffdaeb5ffffab14ef41fe751ff7779f1dfcedbeffced9f32ca0457da9ae3a7eee7defbcfa08d216eef70f91be7f9d06ffd1e61ff10a57c5a0787dcfce6bff2d8d39f446089e2886eb7c3eea50b544f9e65f1de77a15c45abd5a2d99ce1fc173ecf477efd77e8f70e99989a657bb7c5ceb7bfcab95ffa4dc24187c3769bea6493cffcee67c55b8c3b54aa1364d662324394a524698a3186384e08a54f7e769e381e138d87e048acd11804a3b0c7783424e77b785e8e62631eaf58c6a2b1c6e0fb3e99ce3818c6384a921a0352a25c97567f4c1a8718a33116a478b34ebcd9ca4b97be679fff8bcfb1b435249f731845191ad046a0b38434c9a837ea24494aa936c9772e2f331c8f31c6920f7cf4ddc79552984ce328c94f9c7d84384d28e403d6af5c62f1d4697add432a1333f4fa07f43737a84e37d1c612c519288fafbc7441bcad95aee781f248328d1965982c036349b5254b123c5731ee1cb2367288b76e32ce0c5608b4c9188e4648c7c1648698849cef3208635efc8fffc2f55c1eace729073e87ebab602c7bed03949494732eb6d7264b2d6030d639ca31a335264b99ab15b876fb80f9e31338d5fbf0e3085f64ecbc7e99f9877f92fdef5fe613ef398623256e718a34cd1874db642666d41d9025318e72694e96b9b6bcc9cb3b43d2da2c0c3638f9e4c7585abac1230f9f637979097ff726734f3c89d192fdfd5de68f9d3c0a4c3a8a9c72519ea09253346716c8d5179152e00c7719ae79ec6eedf11b4f7f88fb8ecfd0d93904e1d0691f1257cb982c6634d1633ce8608c25c9526a8d1a722fe4eaeb4b7ce05891d9d969b67776985fbc97d6fe01716b8946a38135123728d068368e02f37c9fd42a1c62724a8274999c289068175ba9308c5e222f05cf9eff16cffcfe6ff3d50bdfa2502c5275a15eadd3d959a71bc59cbfb281e30866f22e8f9f5ac0b2852b053d2d10c2c1f33d5cd7c5710471a2711d85e379e4e20c47fc502edefc9577dcb4462088a204d771a9165dfc5c9eacdb62aa56e2979f3c4bce0b905ec0f19ac78d1bcbecac6f70fa781177d4666feb36ef3db1c043b335660a8a2c0c7964bece2fbc7b91331305acd528e76e76241cac3508e56085403aeace5affa3155bba72092d3c521d91090757290257111a1f1bd47863eb90fb8f9fe0573e5ec1cbe579e2673fc19933cb946b551c3364eee48344e63ac59a4f906f80108ce2986622186e6db3ac1316328dd66011686368f562d016a9241605421cadd8e9871e259ff311f68e5136526285442a451c8d78e0d814afb6534ebdfb2182d20495424614259878c04a6bc0a5becfd5c39856bbc7eddd03fac321ddc470dfc2340f7eead3cc95038cb89b4e1ab0064eccd549b566140ee875db98b74c21f9b6aeaa1ce3cc6285426049528d9216a15c6eed0f09c3312ffd6005a4c44887cd832dbef9c2cb6cbe7213f5468b39556775b3c7ffacdd62af1f221c8fe2634f33d692566448c631fd833da27048341eb1db1d92a5294992301e8564da1c15d86b3756edb39fff43aede5cc3a6113909ae80581b749a115bc8b2bb5b9db53cf3cc1f71f9eaeb08a740b958616d6d8dfdf56b6446b3b37f8041f1d8c9199e7fe50a82bbedca0c564a5cd7c11a8b91129d66249946b90ed6182e5c59fe1181552ea35e9b381a335bc9a13584e1105f49085c026d700209c69269cbd2ca364fbcff7dec6f6ff2c273ffc4d5d56d5c07126d992ce4287a066134dfdbd8e5a71f3f4bd2d923151a37e7201c45122777624a2c3965c98cf92198b702038172142521585ad9a271f6e7b9e7bd733cf0c022eb9b2d5efcc29ff0e8cf7d92a99977b178f2149ffbb58ff28d2fff3d93f327f8c55ffd34a7bebfc4857f7f9ec05328e51148cb3f7efbbb3c7aee7d246ec07a678d0f7ce4a35cbf7e95f77ff0e3bcf2f257281eac72faa90fe378790e06112716ef3b0acc5a3016ac74f07c974ac927c8e7c89c26954a42c317e48b335cfcefd7a81602aae51a9ffd8367f8d4d31f63b21230eeb6684c4f239074fb7daeeb7b70e72a38ae260c87c48ecf1b3756c87b55b2e13eb5da3493de80423e403a3e85043c258f925f0881402185c518832b33161a0d2e7cfd059e7bf69f299ebb1398341b537cf1affe9c9dfd5daead6df2977ffd375c5bd9a21f59164fbf87d73a259e7bf52a17fff3cbe87484c9528413100445c230a23dc8f8da4bafd2ef43cb3fc3c6668f5c3e8f17f858fb0ee4bfbeb469bff8c79fe1d8c33fc57627e5d6c62ed1784496a5349bd378ae839fcbb3b1798beede0ad5e619f6da8714f379d6d797f9e0531fe65fbef467e4cb5314aab348e9331a1e3233334f32ea90a543fc6082241ae016a671958be729825c8e411851291728a9907ff8d2dfbd9dfc08084e3ec5c87aacdeba41abb549b3b1889463ac15743a438e1d2b33dd5ca03631cbc1419be94683b5d56b148202ebb736b9f7cccfe0fb2e0841af7b401a8fd046b1dbda626afa048e5fa19caf82f4ef9acb0c2b32483ab43b19612e7827f24b5ebbf81a692af03c17295dfa830ef30bc7b03aa15aabb277d0413a2e264b09722e4992512ed5d0d6613468e1fbf93b996c14323131854e06144b159ab327499288fdd62ae5ea3c8e93522c4d9077f324f180cee126323703d23fcab1ef5ebc0856118e23e26888548a42a9417da24abd5e0324aeeb53087c924c331846586b70944bb190c70a9f5c1030e87771948b520acf2f301a8744514c2e5fc30f26c817aa28e5620548c7c3a67d868301599ac25b1cec9bc0b6b60f99a84fb1bfbbcc381ca1adcf54bd0408cae50add7e483ef0691ff649b3146b35994ed858bb8e521eda8a3b694fa98a743c6e6f2c610089a65cadd3efb511c241eb947ebf8db11ee3e13ec34117630c5a2728f71d2aa69420d31aa51408c3eccc2c333393944b01d6c2eccc2483e1e8ae6a1ba228c66419330ba74178140a65e2f118ac204d13e6164f2384e0f6ad1b7756b86a152952926880c4e5f6ea0f88928cf1b0439a69b4d108cc5160835ec854bd828e43dc5c8962de43494b9266acac6c72fbf6365ac3683ca6d70b711c41abb54b92a4740fb7c04a84e361ac260802accea8d5e6a9d49a8cc32e3a33743b6dc6a31e5279d41af790c521e138244b6372c52651d83b0a2c8c121a53757ccfa5d99861ba59a7d70d595bdfe5dcd9d38cd314c7115863a8944bf4fa3dfc7c8162a5ceeed6eb2005955209cfcb21a4cfc1fe1e83708854390aa549a2e13e4a4214a5181d118d0e4835282fcfd4e2e3944a153abbd78eead8ffb7f3bfcc9bd98f5dc97ddf3f5575ea2c77ed7bbb6f77936cae4372a8e18c67a81147d2845284d8b104074156c4415e04e7c1408220411024400c1b7eb6fd62c30b60247eb0fce000b6b53c2496ad48b2c71acd48b3701b0e873b9bcd66ef7df7b3d5a92a3f5c5a325bfa03f47c5e7ea796dfefbbd54f6461f227561ab876e5eade977ffb97bb93ad6dbe757313d959e0dffdfcbfc1548613a7cef0fe9ffe01472ffd638240d368b4d9dedec0a0f9e02fbfcaf3973ec77cb74b14d709e23a7ff29bbfc63ffdc5ff44551633715cc09dbffe3ae73fff2fc11a6edcb8cea953a7c9d32997dff86b8e9c7d8e2849985f3ccc7ff9afffe387b2401847086fb10e9cf34cc629d32c6392e6186bf1664c3a4da91ca0022ae7186d3d61737b8740470829316e864aa4100829b1de62f12004663a9c7d5301c67aac738cd657196cae8194601d42fc1834218504e7b0de33d7eb3df51a2c524a720b1b0fee50d90221c54c365abf891033ac5e9639810e18f677298c21d09a5087e8204087118bcb2bdcbcfc365282d60102879c6ca2bc270a232a2f7ea0783f7ba6a49c9102ef4178acf594a5a1280d69a558397b8e2ccd29f29caa722cbdf64f38fae2ab08e1496a4d4c59d0ea2e529a1956cfcb1c630ca6b2dcb87993173efe694c59e2aca3ac2c031f93250d0a53e2bcc739fbec99f27ee6ba9438222540488c3594a6c27949a3d5264fa7481da3748c738ecd2b6f70e7bd77595c39ce97fee87748d38c23478f32576fa27444591654d62315a024455120bca53086a22811de2027232a63672ad1df5b9f99af7ef3e6de577eeb7f76d7ee6f9256150689f59eb4b04449c274b04faddd420949d46ab33b9c72fbfe1ace3baaca228444eb80aaaa1002eaf51a8d668357ce9c0011f0e4a3ab1c7ee115acc918edee13261183ed19236acc75a89c23aed5f8d36fbcf943bc25a50424422b12251069416e2c752191c5141d2a161247652cdff9e8e1ccc3920a531894947820cf0b3c9e406bf2c2b0b3bbc6fede3eaf1f6a3217074ceedd4022d01e64ee595420e612f2329d9de7893988b50495f7281db0d79f60aa0aff748f8d71e02ab21d4882d95812405e16f8d9af20c42c78a09e062fbcb7c4714c5e18de5c1ff3eaa13a388f1060ac453a8f46229da3f40eacc5b8037d4a0808b4c679f8ee9d75daf30b741a0db005adb984c550b096397632cbe9933d3677fa98611fef3d4a2ae240e2f024d2933ac9671743feffda108b440592e6fc02eba329ce41660d4a809630989484518cf596f65cfb60518230aa53d7824e3c0bcc7cfce227b87df70e173ff5d38c6f7e1bb134cff51b775059ce2f7cea14a1168c8a102f2c26cf19eced92e539b550d169d5f9f74797f9fd376f9397860b2f9c62a5760c53143c7cf4802449385e87b7debbc6f273673195e3f499177ef4f6593f2b4e2b89f58256a2595c5864f1f00a4fde1af0fce73ec3f56bb7f88f3ff72a474e9cc2a91aa351c178b04759e4ccb71b947946554cf14f5bca17ce1de19b7737d9d8d9e1c8a75e6734d8a1339947070abdb4c29997141582d0ce326107fa94a42c3240a00381f08e76b346bd51278e220e2fce71e7da158220e0cc6bafa36b09d3d1005b66282910ce21bd44d8120f5055386bb9be3d420ac59cf2acdeba4e1286d4eb4d824013acbdcdad37bf4d1c4744714c1cc5078af21e2724028b1202ad148d9a4687312a5038ef78f1d54fb2d06d639c47e89046ab4918c594d331beb2c4cd2671a34da3d9c48900e3e0497f047832eb38fbd205a45224498c1482a4779c686189e8a92007fec0ed1382f6fc32c5ce265110600389140aa5243a50c8468f6e6f19a9348d6687bbd7dee76fae3da21e69baa1a246c5b0307cffa3475c5ddda09944fcab8b67f8ecc965beb7be8f55095ac7282589e33ae9644cb4789af317053a8cf0c2a375f8ec4a7921667ab917282950de239524501a210356efdde1a36befe1b0045ae2a2067195f2def7dee4c1ed2b1c5959e0decd2becec0e3879ec3887e280c75b7d5ebff031b40c7878ef016bab77f14fb37142083ef8c6ffe19b5ffd324110a2544070b0281c0471138143294192ccf6d70b871770e1f5cff3f0f64d020fce3a1a91a4b3749c56bdc5f1175e439b94b9c071b6d7e45004477b73b86c82f38a245244c30cacc57b8f94b3e3d0eb2d30df48504a2295fcd1edeb0f7671e899512014ad7a0242a1954420180ed6f9b99fff229f39dd25778a003832dfa4f50f3fc78b6716996c6f508f631a6188ea2c116b87b7069dc49cef3539d4aa33bf7c84743a207afac3b6be845e9acedaaf00847a76a5eab526a6ccc02aa4170452e0f1847a0629d66e7fc8dddb37b8f6b5afe151748f9ca6bb7c8263879669f60ed11f19968f9dc456964e082112454059395e3cb648820501de5aa2b88e77827cff318fefdf47298d40a0d401821a84218916a87036320a4008491c4a541072fee2673979fa3cfdd5473807b5668bd65c8ddd470fb8f2ffbecc78dce70ffefcbb7811b0d71f6351185711060193f575d48953d4ea7354d623a4c6e179eee2e7f9e4eb9fc60b9e66030f6074250374bd8bf01e2904a5a99e2a8202eb2c8d7a9bcb7ff3758efedb5f402a49664a4c3e41cf1fa6f7f2a7f960b7e2a57367d9484b3647438a7484b58e715eb07ce66394c6d1dfddc098121d84780ff9ee03d63fba42918e18ec6fe27f1c9577cee2ed0cd5c4510078742071d673efea9bacad3de6a3c7bbbc73fd26b57a9d6cb0c3d299e3281473150c9f6c908f3326b965c3682ae7096440e31f7d116f526e5f7f8f3ccbb1d6e06c85193ee1c9f60c26837806e4c9a72a115e6aac08f0423099e64fad16f0d661a4a6bbb48c23e4c6bdfb78a1b87beb1ebffa4bbfc4ddcb0fa8f60da77b67097d8dc96482149ea9a9188c86d8aa623f2b5939f53c653aa2c8a68cfb03a6cde73976ee2ca22ab1ce61ff9eaa3c9b7d48c238c18721696569001609dee0a4428621f3dd43f4f736a8aca79ccef2c7fffd3fff07aae113befffe4d4a6fb1a6627e7e8ee1609f44491e4e25c744c07caf072a22cf4a9011659e510ed7e9efec9197066ffd33674a78efb97b776def5b7ffe95eef56f7e85ad618eb0055a4b2ae3b1dee14b43e1c1388fc4319de6fcca2fff37fa13c3dd87db681fb2bb7e176bc66ceded531486a56e83f7eeac12fc5d0ca6b238095249e230a030160794a5450b0fcef1c687f7c4332841e8106f4b3ab500ef0432d0b832c74a4d55e434a3106b2d9515b41a0d968e1ee7c95bdfe7ec72836f7fe75d4495b1371851790bd2335f0bb9fe68874baf9c853cc5c85900524881f782240c08a5602a1cce07e00e28305ec264ef09c649866989578a713aa1b09632cb70de524ec6883227761981cf0975c2854fbdc668b8cdc6fa03eeae3d627bd0c71539edc09397259182910d106eb61a817c1afc0e3ca6b2645585a91c556590c141d3c90b4c6950a6607752f038f71c7bee139c5c1991bb1eddf13aefefc15cef08a90939b1dc250c43ac10bc7ce9a729832e7b3bdbdcb9fa0e8196c41294b33cdf6bd19e9be7986e306d2db1b5b5c9ca8953acaeaef2ca911aef5cb9c5d2b90b0c477d8e9e7cfe476f1fb6422731384314c5740fbf800ae738f7f1cf73ef499f6eef30ddc5634831e6cafb97b973f50a559e138501f5a4463eea136a8596927ab3cd4e7f4cd93d461c450c6b3d564e7d8cb8d1e0dc859f998d94c6316a9d05baf3f374170ef3e2c52f1cd83e04ce9608045a4aa4f724b1e6c9f4185118f0da272eb171e53bb41b8a85de8b1485e5d77fff4b3cb87597322f688a099beb0f0995a4d96a5318c707797336be8c65676797dbd72f53ab35a8d713dacd266af088e1e613a238a456ab91c4fac79800521136ea045213e868c6e37c442025fdc7eff1c92ffc6b8a22e49d77bf47bdd1e1c3878fb8b5b6c5dafd87a456b272e23451ad898a1b5c7b3c20a82fa3c306599e931786c79bfb0cf7c77cf3ab5f0221891b35541412850aad03b4fe31b4bddd3b82c90d56382a2a742050d2e394e6617481bff8ce1deeaf3ee1b397fe016ffcd55799eb2ef17ffff22f58db1ab33598e2a5a2b57098d5cd5df2c6491060cb114a4a6ab50642483677c6ec8d3c958918063d8e9f7b89408748a990f2004ab0de239506295042206548a4438ef76afcefdffd5fdcb9bfc6eb9f7c99f65c9b4ea7c3a54b97d81fec233b67b8fb68953cb3d45af3d40f9fe2ebef5ee5c32bdfa09184045a5139585f5f25d4315114e1900c53c3bdf59cd277198f2d488954079c55e905a859c548c9cffcec3f67e3f123de7ceb1d94d6f47acb54de5314056fbffd06a3d190a8b680d04bdcda4bd8dddd22974d7ee3f77e0750843ae2f27bdfc5548e4887339da218e3bcc4571942844c26299342b2be5932da9fcc9e233c33668427cba754162efdb35fe4f6bd0d76f7fb4cd28ca5c515e238a2c82b3a731daebfff06ddc5e7393f1f926613d2d4b2b3789e3ffbe33f64ae7308740ba513221df1707397a5564a1237a87c8c708eca87c481c01352a5bb0c44c444277ceb2b7fcc17ffc5e77e5894f3604b43f3c52f70ffd12efb8331ce05d4a21a7114d01f8e5052916539cfffd467d8db1f50971181925cfeded7587f7099c6dc3261bd4babd5211d4f403a92b8c6d6fe3e0b9d16d619e25a0ba9eb38228a6c44bd56c7651971adc6e6a0fa5132aa143c7eb28f3186699a122775babd15fac37deaf53a49adc1649aa27580ab3c41381ba22b273f8ed235b2c93e715c47eb182127082949c7bb9c38f5535893a3a30429030842aa7c4a10486450c75170f7a3b7593874ee40f3148256ef14cd768b308c998e47eced6de2bc218e4222ada89ca3aa2a3c1ea5043a8ad14a21654091e5343a4b480495c968b6da9874c0a93317184f873c5afd101d2598ca4065b0b6448709ce43558e69768ee155e72019156cef4db979f336de3be25a4c180644514292d469b4e618f4870481022f91089ccdb1b6042109438529325aad16659ee3ad65381a612b8b700ead1376b61eb3b5b5ca703c0411cc9c0a57e1aa09c3bd8798627a500af228a5188dfb383b8fb59e40c7d46b75c228c09912ef3c810a417a840ac8b292e934c5590b3262b1b7447f6f1b1d869426e5e4732fb1b17e93e5a32f10d7eb8481a635d7633cd8246ecf531516a51cde562002fc41cd5304014591b3bb7e83204a6621c94acdf898b31445890e350818ec8f68b5e766a2889b295473ed0ea3e180308ea8aa92a4d6669a4ea9ac606bfd164a85ac3f7e4814c50cfbbb64d33e8d761d2905d656e02d3a089f5da9c9684c7f386569e53c5a092a537278659e5a1c521883d41a33cd4884272b0ca3f11a1e85b7158d5697a21c93345a987c4c14d5c8b2294118b3b07482aaca18f4f7e9cc2fb3b17697a59597084341918e48b3fc6951ee07cfa57eb0520fef3fc47b4918c50c87238454b49a8d59ecad32786709f5ecd15bb35e270c63f26c4a960dd87af02edb4fee10861165610842854050af35d85cbb4118d449471bec6c3d609a8dd05140d2e82264082ea52c73fcd3d9fb4c51595e301e4f314586f79e386ae2aca52c0b960ff5c8b282f94e9bd13803e199a6291e813105ad232fa1a466d8df278c6ab3e85d7b8ef5471f32df3bc5faea55e697ce70fadc454e3ef732fddd0d1edd7f1f533902a9d03ac41843551d60338f3776e8f53a24f506ce09541820b0d8ca624c45ab55c309c9344d190e47d46ab51976f79628d044b5194c89e21a555910470951dcc03a47a77718e74a6e7df016db9babb4e6baccf74ea175ccda832b14859969ae55f96c51ce56b3ebe966fc4f094dad16d35bec628a92208866e1c15683388918f4f7b16535132b08008da93c695650afb7198ec684514c1c2714798ead7296964fd09eebb2f5e8264559e0803c4b891a8b38e788eb07fa5491572471445166b45a73045144b3d94087219b5bfbe02d9585fe60485519c23862a1b744143789b542e98456bb4dab596392a674bb3309717df52a5132c75cf730a50f180df6e82c1e633ade23cf529caff03647ea9866b37510793a0229b0a6a4c8739c75b45b7526e309bdc50ee349ce603026cf0bb2ac9c85fd5d895201655551b90a630ad2694e146abcf3e4a5e7f0b11709a3160fef5d23949eb8d64151205d41964d49a719fbbbeb2815833960dba6b905a108933a1ec1272e9ca796445cbf718f506b76f7f6a94c41b33ebb00e3d1683672bca4de68a084a6c81d424218d6100204964047385711472183fd0df6775649738f738620804e77015b15f4565e666ffbfeb37d6a777bb75fe629bb1b0f78f5958b8481666b6b8f699a51598b3125ce5b743063d242288230c1b33b63414ad268d519f6274c27534c59618a29f5568fa21ab3b0789cc970932c37a4e904a934615910250dc6a3e10c896cecfc64dbb57fcbde9bc6d89ee6777d9f67f9ef67adf556ddbafbd6cb744f4fcf4ccf18379301c508c78048400884154589140b0842224a82c88b2852de47519420c5380a9858818063b08c1918127bc69ebd7bba7bfadebe7d97eebaf7d67a6a3beb7f7d96bcf817234f34dd372fad28251d95aa747454f5fc9fe5f7fb6ecf1f5a72fb0fb5c2bcd54cbffde8d9f6a3e15bbff90f508b09b3bcc6ab80df79ff09bd9515e606bef2e6cf7061f322519c50e4399d5e8fa5e515761edfe7e3dff92deeef8df9855ffccb2c5fb8d44e4753d1ed2d333e1d51561579ed397dfa9887dfff0e07b39c5ffca5bfca6c3e61b8b484c0511515d960899d674fb87afd36bff76b7f970f778fb9f9ca2b7ce54ffc3cc5628638af988c83a74fb6b97ae50a55d5f0ee3ffb5f79329af1effed25f23d0a08398f1e931fba3035e7ce9158a45c1783cc18c47ecfcf0db7c3ca9f84b7fe5aff1c17bef70fbce8beced3c05a5595a59a3a81afe8bbff5b7973f71b092281e9ac62e69d952d0de3bb4f0583c6996727a32c358d342cc4262ac39a71f254e6ae258d34f3451d6c17b8f69da5d2cf3ad7fcf7b81730dabd76e7174ff47e82c45471122972d63a8344ed62d862d5a0671e9e2264b67335efcdceb58e7ce016edb42355e11452108499265a4fd3edd794ea73fa0ce2728255bf0ddfa7373b5c32b41d41f120621c3410442a30345632d8ed6ad87f73f81eeff74d584140c57d7101e9cf0548dc109d96e5aa641076d9dd254154dd3505625755db5568267f7e82dadd38934cf1edc4508817306290552b7be57a904d65a660f7e40168550cc393b394006c139ae1910e8001d86681dd0d486607642a6e15bbffd9b44514c14c7845144186728ad49b22e3a0c5b0e58358481e6e47007158448255b47b56ea5985278c23062f6f81d4cd360c64780200cc396d5f7bec5d095248ea24f1f2c21044aaa168cf5a085c05bd32a9e3cc830a43106e35cdb01d70d5563a98d258f87bcffe143dedd39a3b77281a2c8c9f339c562d10a559dc038870026b5e0f1e1110f8f6734b5a1cc2bf24581310d42e973511934c672342f79365940105014395555525535555d614c83a3e5198ff79f32ce3de385617f6707e73d4d5d53d70d4d53639da5aa1b9cf334f982f17cc1e1dc329b1ed3d89616b4e6dc6e78de173f578f93757ad48d416845e31cde81f502e75b99b0c4c1b9b1d43a8f770e10e4fbdbe7d053c4d9c931ce0b8cb1186bf15ee23d586328ab1aa9249daccb95b53e3a4e8892a4a5b5a3108403df0ac6c32846645dd6863db6aedf6c2dcaae1d4473fe72ae4d0558daba418e46279a9b2f7f16ef1c8d35d44dd36e09c6b59905cee2b2012688e87453c2206a3fc7b713c4fbf67fe60f88e27eea9ed59261a25d0208825051184fa4451bdde0a0ac2aaada108406631accb94c3a186eb016f5399afc804e7f883135755da3b4c07ad7ee71c65257159359894c12f60f17fcfd5ffdb5567eaf04455981f7780f699a624c83f78ec6588283df617436e7cd9ffd626b12971ad3946815a17488a36198058c8f2d4a05944581c291e739c67a94d6348dc10bcda2aeb9d0cf3027a7145541634cfbb286482884d408157c7ae970fffefd93a2ac977efb7ffaaf594cc61c9dcc281a87b0d07887b116530b9c2f09a4c2788b14029cc4c996ec699927704eb4421feb2884e6d9b4615e1608045e80f05037358d31043a20d08aa2a888e208631d5a4966b339499a60ad2389434c63a8ea9a7eaf87310d57861d3adae11a8b90100889131ee75add941402e15bfc4b9d0b288d7384129c6fdf2bacc10b757ea6f8d67e8cc07bf8a76f7f283e7166092150aaddb0945044494a944aac69308dc1f93684c59ae45c37e350084a6369ac474a4ba84324a0a5c43acb5e25395cb46a7f673d52b61ca3b1edd40f020d9e735c43b7cbd6391aef88e308f0a471445dd758dfbea728737410f27034260c032e0ebb5ceb28a484ca38acb178d1b2bd60f1a2d5de780f5e7a14603c84428008f0ce613db8f3c1d54a607f4afdf9938345bb543caaf598059a9dd184588376ed5e25ac397f461e89c0ba1a255a9625500ae10ce65cd4765c49468b9647105221b5a628ca76a99d73dce71f8bc723a424549aaaaeda235cb43e37eb1c2ad0f4249475c3c23a1096400738ebd99b2ce88910e11c61a850128cb5282442383c825a78bc17544ddbc436d621a4c43b8740120602ced57d9505e79fb367b553175418604c03b5e1e2729fdffafe072cf5334477898b1d8fea5da36a0ce562820c022e6e5c647cb4cb4b6b29df7fff21835b9f4528c5d1dd47649d94a65a70fdc2328129b8b773ca7ab7c56d6a079996f4a300ad25678de742aa982c1acaa6e6ac364ccb9aabfd84ad4197ad9594504a7ef0c113de1e3714754310686ced30dd4dfedc575ee177ffd5d759f9e21f6f0f15e778bab34b10282eacad31994c504dc3cb6b8ad1f6218f4f67bcfa337f9cbd8367acaeac73707840106aba59e727648d9fb00cdb25228388380cc03a16754537562c279a23e7e8f77bac5dbd42d108f6769fb2be7985eb2fbccac3f77e9f274fee319a96bc7cf1321fdcbb8f5482d1f1887ffbe63a7fe6e7dec0234047e830c1b880d3a3111e8f37e61c3312d4c594a66ec03598aac061a9cb1aa504c25a8c92fc91cfdde2cbdef1ebdf7dcca86ecd6a7ba3133e7cff3ebbe39a9737ae20f0786b393a39a1dbeb73e795377878ef1d0aeb999c3ee0c327bbccbc64796d85b3e931abebeb4c675396d736d9bc741def9eb30ccff5a42d7188c70bd9960c42b63f3be8f4faf4d210516b068301dd6e875e96b2b5d425e87f99c9f4eb4c8ef7994f67586bf94fffd2cff385cfbf4c5d54e03cf34981500969aa717e9d7c3e6b45f8458877062d3cb91d639c270c34957548094a0a40e29dc7788713b0b5dce77434c15a982e0ab6b62eb4a8515530585ea1692ac228a4d3e992c4312a0c889da49775b87261c0c1e98c2c6bf1df2c4d899384288a48e300ebe5a7d759eebccc77c6d0760882e8dc93a865fb8a93945ed6da219238218962b492540e8aa3fb144541bfdf238a43b4d29c150e952e130f96d1518c0e03bc9db3383dc11567c8664275ba8fa041d802a52491d6245aa3a4271482380a9142608c03ebf0cef1ec68c13bfb638cb148a5f0388ad931bb2733924e07253c815268a5c8b214ad258154386f595f1b509525f3c6a395220c2302ad89e2b643502a803f20a7f8e40a5e29a2ce00a102bcb5ad044c0a922040050aeb5a496a968448a509a3b6ce49861b78e7a92d5c7fe935a490acafaef2ad1fdea5c8738230a6a96b3c065482cf56b1f132e1ea6d9c8a205da5b101f3da61830c1ba414a243ae7a4c4cc499d1ccac228c231aafb8bcd6437a83389f7542488c4ac8e2908d8b57d041803c6f73923443498590e7deaca53b148de3952fbf0948a2a86db102dd3e60255be9dba717a5e7da232f04ce4b4225a9bd27908aca18a4ab104223a5248d345aebf68f52edf2d83f99a243455d562471cca2acc0d6f4fb030ef7f6f8efff977f8a1282c97ccee8e898bca9d81c0ef8ccd61aaf7ec693a50907f73fe0d9e99487fb27ec8c1724a164636589308a994f67cc4bc34a2fe1df7aed0e7ff54ffe11febbdffe16a85699312f1b4adb6a159ac620a56c1f7e9ca1b402245a7a8ec6536626249bcd5a2b609820a56aff9f30424721c6d69f3eb324b2258ca2149cc58af37a43b5274b96b6d3b98548daa825252592f6044d87cbe0054992205540912f4883081546f49796f88fffec9bbc7c7d830b6b17c949b9b8ba8e9d4ce92e5de4dad515561813da194199932a41aa14ffde7ff8b7f8d1d323eeef1e33ad3dd254bc727985d39363a234e5cab0831482300a59ee66849d1e5883690a9cb30821d05ab5852a6d7b76f1facbaca4922bd7aeb76d969208144a6984946d49e19f8367558d010fe9d21627f201deb5694f6df12648d2a4d562084fa8254a80d4611b3471ba47797cc0d92ce7dd6f7c8d3f533fe685bffd5ff2dffcb77f07bca79e9f92f557f8855fb8cdcefd077c6639a2c82dc917bec495ebebac0cfa1c1d4e48e33ea9acb8358cb87d6593eabd7fc5bfffe6eb14f3337418a00345a81c91d68451cc95e53e2f5def726798b27fff2957ab050feebdcbd6a54b3faee4c33006215b757b6319bff5ebcc8a827ff18fff11ffd1dffccf5ad64678c4398c24a57efe6099bae6a307ef7236dac1e2b148bc355821a8aca01b0668d59e4a5a49b4f6e87305bc0a33563636b93229d1598fb55b3f4f3f136caeae207544676995e9e98cd9e91c11f7b9f6d2e7e8743ac4dab0bcde677178408ea3bbbec18a295bff5c591285061d85e80b37f1b41b7c5d2d70425035061f6874b1602e1bd657061cefcf18ae6e2084a4311670482971cee3bc40868a22b941146d73fbe5eb08a15aaccbb7e4a2b3b62d909fe702caf30597afbf4c4083961ae90dd6cbb69a0e416809e70da650822890081520b522ec0ee9ae5d6151d57cee677f8eece6757eef97ff1e7fe3afff12ce4bb2a54d7a2bebf4d636e90f56190e97906187e39d23b2e54d965ef8226e7095c6299cce702aa2c92b26e309c66abcb148673175d36eae2a446bcd6b2fdc61294b7878f76370864732e2c2c656db07da96b908c2f66ff6ce83838dad2d040dd96019639bd672703e3c5e0628a17ec24fff5367d6f2ca0ad67a82a88bd61a1f0514c6a250d48b82a2f638a1e0fcc3c35020821064dbd10fa85819763839dcc32f2ff1c7fec6dfa4989d40b282949aa4d3c3d4c78449c8687f8fc3671fb179e365beff6bbfcc85d7dfe4f1837bdcbf7f1753149c9e8e79716b99300cf8e8f123b62e5f6c85d3ceb53c63a4b1c6a104f4bb299fffa36f50651dd4ce0e4e0448a5da1ed1810e5be416d19647c5ac8def991eed2244eb6dacab82f97c824e876dbff83c3c4b0885528ab8b704d2639d403803d213859234d5c873bcc75b4fa034e21cd7aac687cc6b4d5e347cebebff8ce96cca6f7efb47ec9dcc11b4ce7427246114e1cd82674f3fe2da17bf04a1c15cfa2c4f0f674c8f76b97cf5055ebd73833bb7af32d329fbb5a00843bef3e1368ba2a23205c61af2ba26af0d4dd463fd4ffd2770f335d2a4431c463c7cefdbd4654955d7785ac0d1bb7357987598b33da4d21cef3e3d5f7a35755363ea8af964d4424ace3dafdd1178e769aa392a883076dc2e43a0aa3d4de3daf5ac5b7b7e1080c4638d211c6e70b6fd3e3b2767fce5bff84b380442081e9f367cefc137f9f3ffce9f4460f14af2f677bfcb67fed857b1c50477bcc7d3fbdb1c1f8c40c0c7ef3d64621a5229c9bd6752d56489e6f2ea323b85e342e0b05281854078862fff2cd67b6c32e4de377e93bba339afae6ee24c4d399f928fcfa8163310927c36430421d346f2c1e31de8ad618dc5991a6b4c9b6652b72a0efbbc0ddefb96cfb722c07a85d4098b664a65211e6ed2e405a102ef25c67a10aec5b3682d704d3e2788520ef77749bb1d9274804842c6b33945698802813586280cf9d55ff99ff9cacf7c89d73fff3a1b9f799d27ef6df3f1dd0784e10ae4c72cea0aab9ab637ed6758151228389d17185933d0213fda3be62b41dcd2fd5e71f5e62d1eef9c808a114d4d535734550e2ac23415f5628e4c122a61d141c0643ec33b83f3e2c78db30ed336abf079549840608c214e3b20251641631dbd4e46ac2dd64c79f2e021677b7b6d46882988b31132ee7076b4c7f1b3c78452b07df707ed911dc5845997f1c911ff48465c5b8eb975698df58d255e122f13763a7cef3b3f60baf794b34262251cb939042d6017c980feb0df462ad715e66884f42dd3b49c2abefdd109f7befffb4829989e8d38faf01e95137cf0ee77f175c9643c66b65870f79def80738c0e9ea183840996b27184023ebcfb2ed3c9199dee21a3a323c2e41885a49a1d03ffc12723a50f1e3e3d71d62efdeb7ff91b6cbff50df2d36344dca3ce1734a642d60d5ee9361ec63b3a9d8cc679aaaa6eb3981a87131eeffc8ff7092915fadc6356940dffc3affc328f3fb8cbd1e888ad9b77181f9f713c29391a9d72faf401cf0e47ac0f07ada5b09ca300e11ddbc72794c6b3354cb9b4b6c27237e1ef7cfd1d2e0d524c5da2bd476a451a48f2c62285c48836ca24941287c379d1ae0c29f152107841651cce59acf5184f9bcb621c91967ceded0f3e1929954260f148efb1a6c65535e3fc04ac230814366c1b5ad7b47ca1350d52288ca9111e42a540d1a6634a81f0927f030b29298922cdfdf7ef72f9c60d962fac73b2bfc3686f8ffdbd03debffb80a3c98c7e2f617b7fc2d9ac02018af354a424642953f44209b6205029cff6f6191d6b6eddba45af9a60054c6bd33e1ce7f040e521178e504beae6dfe8ee2054218d68b578c6d22e65a90894470b4159dbe7817fadcf77361da38c834043ddf06c3c275ddea0cae7f8f03257d66b9613c37029252f0d451d301ad75c54251f3e7e4a76e916713624497a94e59caa360c077dcaaae6effdfad7f9affef39bc82061f5f24d562edde4686f97e1f22afb87fb8cf60f984f4ee9a8a655eb7bc97a27430a8fd6ad6a4d18c76432e133eb5d1e8e4b9686cb2c0d6fb2d87bc4d3d1095bb7ef609a3680b5ae1b2e5c58a52c1bec2207019796528e77f6d8cf61ebfa1d94698885a72c2aac805e9611c5d97336f8f36a42d8062d1cd25964d3100ac762779b786d9374e502d185cbf4b253347bdcb8fd265ea7749fed123cf926cb4948345821e9ad902619617499bdbda7bcf6e69fe6bbffe76ff1fdb7ff255aff759ac6b4c444a059bbb885501132eab1ba7e85e974c6f1ee0326a7672020c2811468df3a0ae68b9cbd8363e65ef1c29d1749d28c4551b2bc7199d3c9841b2fbc41393de0d9ce538a62c1e7fee89f67313be307bfffcff1deb3b5bec185d0f19dc723362f6e52570d5967c0b39d6d92ce0aaf7ce94fb038dd7bde69d82ed12a9f9ed744315e1bb4d40859831274d3885e9650ab754ce3b9b5b44a23420679c3c10347653d2b9d141d67a449401c0b846a2866677cf4f801a3d3337ef557ff099f7fe90a9da565bafd2e4118d3ed04f475c39383111fbff7165e2ae228c6370d4e2886c3155c5393e753de7f326231b8c6f2d61a5a4b9aa64649c5cec99ce1e5db2c26872caf2c73703cc278e86409a1f404418cd48a4a76998de7245148afdb63a172922ca3df1f10663d06dd04aaf4f924ab1082acdbc35a87970a632c4a4a322d504212869228d4c4a1e6a45ca5a243a80316070fb8b11ca3ea9c8fdffa5d6255b1b171857b1f8eb87bef88a55eca60b8499664fcca3ffc87fceedbf7d8fe7897ed874f186d7fccd9fe21a6a991aee1c2e5ab74bb7d022d9151c0eac6068df3ec9c9cf2b81e922f7f96308809e28c200c1108cec667583c3b7b07dc7dff2ef77e74977c56b2d45f220903a228a09f75c8928ca5fc11cb832ec5f818ad1451a00903451c268451481406ffef485621c09e9b4e7d5db50e0ce5985a087588d22dfa18061e252456c4085973e985d7a91fe47cf117ff143f78eb2e851972f7fe36272727bcf6d957994fa7dcffe07bac6f5c64e7e947fc1ffffcb7997ce5ab7cf6ce6d66f316923a9956e49521493a4c27337490d2eb759995250ff74ec8d317711eb2acc41a8db70b849014458140d1341ed3d488b4c7e8644e9a448c27255ffb8d7f0238fafd0e5649d2eb37d9ffded7196c5c422a411cc784618c0a645bf14bb0a6f9f4c172e7f456da6b7b44a94394025903d2a3a54089d6af8a540c7a09ba3ce5876fdde5d1c73b9c9c9e61ddd7f8fce75ea3dfefb0bb7b40512c585e5ae61ffcfdbf8b9286fb1fdee5ce67de24c0f13bdffc06555d73e7fa7552ad288d45a75d04b075e31616c5f1d982fb8b84df7fe7ffe2735fb8409824cc2653a240836fb04e2195a22e1af2624a10b6747cd2e9539535279329eb173a14f994d2b6c2936fbeb3436ff935b6c23639086190aa257fc32069c5295a7ffa60c9f33d4b4729088996bafdae15ca0bb437bcf1da8bfcf0fd6dba59c0e3ed43beffaddf6d152b42b2babace70d8a7dfedb2bb77c8ca6a9fe1f00d9224a02ec77cf6d557393b1bb3fde0875cbaf159fa175ee4a0e8f0eefffebff1d52f7f99fe7099200ac8b21ea5cef8c65b0ff8feeffd061e81f78e77defad7ad961fc92baf7e0929dae0ee5068a22862b13823e9ac9217396231470609dd4e423e3b4646034e4e2774ba7d9c695854825e9670b6980282488f192c656d9d0858533fa782976d306ed3d4a034ce36082918ae5de4ab7fe1af309d157ce7edc7344dc5a38f8f5b2149d6432a4d374b899294388a99cc16e48b123b1890753a7cfd5ffc63a4926c3f79c6cf7ef5cff164f790d9f494a8b3828c96b1cbaff1cd6701c9a30f78edf35fe2c1c353defabdff11a51561949c63fd1e50e878091d256cef8f48a2944b6b098ef3d4f3a843591524690f2f5a8ec0991a6b1d525404610a8836b44dc37432a27219834ec0c22b16754d169cf29efb269d61ffd307cb5a8bf31e7b7e77c7a52ffd02bd452bd8b87b7f07e31cb3f994aa6c689a92c160155397f407039228c42358e405870787649d0e8d31ec1f9e70f1f26da6f36b2022ac874b9b5b542beb382138dc79c04b775ee0d183b7f868779b871fdf6575e30a172ebf8092213aead2d8166c8c9308d33826e34392b883c7b337560ca331f326c13735513c00347553a1ada1ac7306834b04e7c9014dd310051a6305555511c60132e851cf4f308d42749778f4e023fa997efe9ee5bd0767e8defc191e3d9dd21bf6d93d3ca1a91b8a72c16834e285975e255f64482188a3a095893bcff8ec0ca1022e5dbe8a696a26d379db0a912255c970d0c758c7743a6f6979dbd0efc5bcfdbdafe16cc5eac597703ea49c3c63e3ea0b08e1a9ca8a4c6b1a5b8183280ae9f696912a607aba0d68e4d24daabdbb747a4b3f8efdc83a2b586f48c32e41d2c15a83520a4f2b6b974a615c482402943048153239fe98a3e32306c37546871f3dbf7490521275861c4d05611c2385a36ea0368e3c5f102721bbcf76b116940a194fe6cc170b8410acacae72f5d226799ea3b44449dda69239d706c0ea561092a631ce5b7afd21d359c560ed3ac3b53b64e9809b376e305cdd42e088e398248971b642f8f6ca97fdddc7e733396075fd1a83c13a5258aa2ac7598f0a32d2ce2a51d243c980acd3a729730402dbe428e129ab86a2320c572ed058582c4af69fbcc3783c210a43541813f56e3f1f75686f5de8f1e183efb49a2c5bb3b9b9c5f86cda8ad7acc0ab5679a795248832e23044e980280c28eb9ac1a0d7668161c0b7976e681de291148b29611413e808adda87a385462411aeae58cc270c962f92cfcec86d45126710b7d6126b0457afdee160e7113a8c1048109e38cdb871eb8b38a1d97df223aedffa02c636945503620142514e8ff04213c72983c132655d92c4298bd994727e445e2c48b32516f918a3fa7423fd9c99255ab15a5d59ca628ab1154ec5486170de21a5a26e0c8d6998cde63811b0beb64a144714454959d6c451abafb25e10288df76de2ee70d8450b8740618ca1694aa69333d24e1f6b9bf6129b20a42cc6ad89acdf2750614b3a784f1267ede53855457f6983a66ee8f596585abeccee93f7d9dbfb88229f932f0a16f982f1e901a3bd0f5b358d5404498f208c09a2048f44a990aa6af034d4d51cad02aa3ac713100521f51f0874fe846528b9f7fe7de6798eb5352747cf503a0234aea9684c4d146aa44eb87cf93a12c8b210ce95c62b2b7deac61145214ab6c15e45519e77066d7aa2170aad83f61287d99ca6aed05a62cfdd9a556d9022a0581484718c7735795e51d735499c31e80f09c288ac3b442acdd168870b5b2f21652b9abdf9e21739196dd318cbf2da0d8e0f77689a863810447182f76d088a75b0584c48238d6d8a5657ea7c0b3fdb869f06fffd3f064ba09460366fd8dcbc465d4e19ed7d48140514657e2e7b0c5132460888a280b3d309c638e23844eb107dee90d74ab66a67ef49d3843c2fa8ca9a284ece737c5dbbacf12d4c626a908aacbb4a94c44449ca7c3ac1194bafd725ed74982de64c170567c73b1ceedc6591cf5959bbc8ded37b0c972fb1fdf07b3475c9cafa1516d333562e5c617de31a8bc59420ea52e513f08eb3f109499ca075c0e47417eb2dce36e73498c059ffe3f4fe4f1cacfd837dc6e31945b9208e1356d76f72367a4c55b76a5f535534c633180ee8f73206fd2e172f6eb0ba36444941a035b6394f5e9092baaece8fe986c56c76ee8f3314c502bcc73625de1a12021001a7a38fb0b666312fe975fb2d1adbd4344d8992b20d70afa75cd8bcc9f5db6f50e6731e7ef06d36b66e71b8f7902bb7bfccb38fdfa3ae1bbcad79faf85d4e4e76393edca6aa1b7ac30de238c235258be909f96242531bacb1586b915ab7cabf50a3c473f6aca3831155ddeaa19cb3e742d4883cafb0ce10673d82b8cfca521f292581124ca73302a1e87652eaa601a9a8aa8a455ee29d278c1326d3195927e1743cc318cb6291634ccdd1e136cf3e7e9b8f76ee217588b70d784914454ca613923861b0b482109ad97c4110440c96d679ffadafe13d2caf6e1085316194d21faef0e1dd6fb176f10627c7fb0c562e60916c5ebcc1b55b5fe0e947efb1fdf847381190f68694e582c5748f30edff5871dd34358da9f0cefd54e5df4f0cd6e8e8041d0a8c6fd3c394069a799b66e2045a6bfa9d94a62e4992d61bb8b6d26769b94f5d1ba6d33965b1a02e6b4cd3d0ef77399b4ce8753a1c1e8e180e7a2cf29c300c406a06c335aebff85536af7d8e502be2b47518eb5053e6b3f3fd2f418a561664ac234ebbbcf4f9af72b0f798a62e68ea82d1d11e27a35d422541a40cfa5d94eeb1b9bec1c78f7ec8647cc085cd9b5455d9728de761505a079c1e3ca46e0cc63628df569b655d3f3f97d27a8135825029f2f902ad63d0295e48b40e088388388e914140a8146927218c12f2b2a2692c7951335fe4783c599a727636474bc9d1f129bd7e6b3fb4b621cf17385751570bf096280c2916138cf53834b3f99cfe70191d284e8f47381c4a58d234259fcfc0299656afb1ffec21d76fbf8e6b2a362fbfc8a51baf337afa0ea3c31da69367544dcddafa0d7096c57c44b1386591cf280bc3647cc0e1ee03c2a4439c2db714a0add1418cd609e729ee9f3c58555931998cd9d8584147ada3a1bf74912888906107211551241974138c35644986b30d93f18cc9748604d2b4835292d1e1013a54946545d2e972369e606d8d14ad0468ffe943823823cf73a48ad01a5490a09460656989bca8d02aa4d3ed23a5a2318234cd70de33393ba66e4a362fbf80f39e6eb7cfded3fb0451c295db6fb4e169c32d0e773fe0e3476f81941445c9b53b6fd0343552394cd33a26cfce4e689aaaf5a47a4167b0469c747f6abae94ffc6e776784d6417b57559260aa39e3d123d22ca69b252004c37e8f2c89595aeaa303c1870f9e329dcce8f532969606e48b0593e98c5e7fc0d9e9197114d21473a250138631f3c58c2c89e80cb63016d2b447180414b3136410519525de419ac4202cb3d91c6b0d9d6e9f455ee09a92ac3b20493a3cdd7e87d9744c6f698b8d4b2f737ab4c3eef60f49b30ed63a2e6cbdccea85cbc451429af628e6a728ad199fb5e47159e6c47146954ff05ea0832e8d89f0b6a42ec69f3e5893d98c45d150e40b06bd142f4386ab57998c733a9d2efd6e9f340d89d284ba323cdb39222f4a92a4c3ad1b9779fcd133aaa664912f40f8968eb2964559130411659e631d08d19a0dd2b48bd21ae7205f4cf1169456cce7739238a12c6b74a849928cf97ccecaea0aa7e333aaaa42a980abd75fa32e0b0e761f513715611811c67dc230a6989f52160bc2a84f5d170867da2cf06a712e726bb3ddda5a708af710763749e3886a7ec87cb2f3e9edcec54b9b9c9d8ec9d2807ebfc3d1ce8f984f277cf1cb3f47182a3a71489666086fd9de39e0f8648c0e34fd6187b2aa992f6648d92656691dd3ebf5982d66682589c28cda3cc313a0548b50b477ad860c074b3cbe774667e5064118130501a767e356a41626d4b521eb74189f8cdb106b5b325b6896fb7db25e43940e51c2313e3a26901e6baad60d523618e3104211e856d9d7947344d0bea7d3192285a72c737aab2fb1b1799dc9f113aafc1885f9ff9dacff9f4b69fec3faf57fb3f75e3f9765e979df6f851d4ffc627d555da1abaabba7c3f40ca727329a144552a20c09b6650bb66c58800d0182611b9001f90fb02f7d6718b06f6419962541b2009296482592c334339ce1c4cea1ba727df9e4737658c9176b579133a3f978a91b3650403550e9ecb3f65aef7adfe7f93d7fb6b2fe6c55fdd983fa77efb8ffee77be7bfe8ffeb7ff89623da3596f6891bcff78824a52de9dd4fcf8173ecbcd9b37e98fc66479ce9d3b1ff2f9cf7f891002dffa95bfcbbbef3de0daebaff3d99ff9399aa6a5d7eb451293179c9f1e315bacc8ca016ffff3ff97079319375efc049ff9892f619d607f7f97b3e327f4473bacab35695a72ffcd6ff1d19b6ff1783ae76ffe0fff63b4efb50d2a91a469c6a3fbf7b97ae3364db3e4de77bfcd47dffe2672bcc55ffecfff46173425b9ffe03ebdc180eded1d3e78e76daebff032475ffe35bef3de3d3efb57fe230e2e6df3e8e113ae3d7799a3935306a32dbc0f64bdfef4bffb6ffffb177e8457276c7b2ff0da770356dfb910e8ea1f87f516ad24b2738c0911d9a4c9609bddc129d79ebf817751fde79dc110505247c2a18f6ef6ebafbe46f5cd6ff0633ff933e00dde9ba7ca39a45424521110dcfaf417583f7908598a4e129c6d40821251972e0451a78e64ffd64b9c7cf81e7b2fbf8af7515b1a8227b808771221e69c67694a321a506ac1fee52be05a04ae3301c656b50f9185f3235fbd34cbb0dea05ce4e806a201c07b87d22975dbc664721f5de9d187184d049be514a102abd92412611108a9636b46c5b99e0b0e01acd61bbc9051ffe41d526a8410c8cebc19a42404874a22d9ca07f72794c221fe9af014b81945b4c17ba4f0b8a6460689540a25252e44df621074706cc96a31c32b853716a16484c286285514f171f1833aeeef77522849de1b100228117f8b16026f2d522754ab4d54f0b6f1475dd7581705f7a2d990259a071f7e4810310d25eac6230fc17bff4cebb4397d0452f0e4ee0731934d270429f11dc5162171ce33397c147196f3c5336604483c922015c6d9ee0305e6274f2008a6a72738e1412a1c01e3fc3300ad3126fe7fdb906ac9c9e14342107178ea5d04beeb284957ea821515889a054f9cebfb1069a5950da4598ae8e0c84244e16d7ced04a66d78eeca55a433accf4fa34e5e0a94949dae4b91a4f1e7c11ab6fb25e354f1f0bd3763733f04a4506895c46b49929266199bc71f324ca33ab05a2f6236529645f85b1a7f4d9a6611da367b489ac2fcf409499a45af8d52a4494cd5535292250ab39e47738d121cddfd88448b0ef01d3fbf14111e277fc080f9fd0fcafb68b5c023852462dea2013c1065867f522b2ffe041db8aae6cc1a4f6de3abe1bc8df2426ba2a920dab0594e4f31084ed675440e753cacf56a0e9867af92908af56241150448cd7c721e43ca822384aef9e65df7af10a43a7653eb4d0d1dcdc4f9f8834037e20f6ca667f4b6f7081ece8e9e3cb317071f95d6d1041c7e88dbf0fd5e42ef491249a292884e910111440cffecfaceadf304ef30c6d15a1b4de249cac70f8e7938abc977f769da1a6b0ca66dd9d4d1e61fc38114d9608bb3b3734ed68662ef12b3698743968a34ed75bd768773963629399b2c385bace80dc7d8b6c11943db5a6c6b68ad891c8710389fce389d2ed8341e1bfcb336b035a60b24f5b4d653b70dcbb32326ab0aa7129c35dd1022808fa922418aef8b17fb61338094245981ebb49d5a288277313ae519c7f9a903c1c56fbf13ce27979f67a79ff153bff84b3175d577f00b177f2e828ae1de59c6739ffa127d2df8c5bff29f9066295afac88095926796051f78f9277e81412919ee6c51f687b810ba1091eedbf74f61141e0697a98de3d6a73f8d7081e06df7328967af370476afbfc4a26a58b4869ff8f95fc4d9c887f04fa998217427e445ae896e781a0404a5a8da48efb2ce47a2e4b3cf21e31b22d533cd53363f62d31a7ef51ffc7da44c3b1b5ac40a0821a288c43ad69b35471f7e975ebfe4ed6ffc41a799889b73109145134f4ac5fcf8212e1b92e33ab366fcf37c472789f89618d4598e47e4831e4996e0429c06d96e45c55730c4be79bdc203bd7e8fc70f1f60432c0cbcf778e2691a1740b8589ce609289d1044d51dc1815e2a5975df8ab1b163e87cfcc39d0fe834a3e80fd8ee6f306986d41a642c0f9012217414d9078f129a6191f3e468ca6c3a23198db973f71efff01ffc237cf0d4758bb12d83fe80712f230754dde07c88fba78ab01ca97577a0c429f5e4c13d5cdbb29e2d3bfb1b78eb30de75027f81b196c678b676b6393f5f92173d9cb1d1e515eb88581a48f5a7288f81b22858775c97c63b9082da5a0202eb7cc75e79ca5d110414ce832c873875820bd129e6ad8d9ccba68daf6f7038ef59ad56d4a4aca5e4d1fb1fe1def910ef3c4a6b96eb75c41e484555554802f7e60b12ad39ff3fff2ebffccb7f81adad110811e7753e4ebc0382f1c1655cb564b8bf4fdb3478d74687970fcf2c6fb104d2e824a7c835928848f1c1639c89a6521141c33f682df9beeec13befbc13befcab7f9fe9ddefb199ad7870b6c60269a22104eac611848fafa30d34b6252dfb68019bd939de0bd08ae1d618e762a6acf79efe6044e302f70e4f38399bc69aaa738b1a1331864f7f2e848c93661f038dcaa26053556829515ad32b73ae5dbbcad5dd6d4e4e0ed9da7b0e115aa68f1fb39c9dd31befb07370196feb58574d670c866344a2981e3d62b8b5cbc9fdbb38e7e98f47a834c51b43101a675bd23cc37985c54f7eed37ff60e747ae289d9531dc48c4d5a3a5c7d64d14d25b87351ea44702a900b19ce0452091320aea53686653243118d507c5bbc75396c6339dcfe9959d252d44b60bc07abda128cba879ca32ea36e2599bd6c4956c1d49ae592c571863393d7b93475b032e678acde113a488bcf54c48ccec9c47d3d34819f11155309f9ce0a5c07bcf7cbd2617d02a90eb39cd2a9e474a76bc99cd0a17e26176a1ab4b48053ed03ac5cea804a558cd37a4ce6245048a9990e0bd274d350a30cea2bd275582cb7b43668b0d3a481c9e0f178159d5825094794ed334645982b3f1045552a05484ea48ada328c459b4d6946581b3b13d5bb786b228e2adc058a69b96f93af0cafe80ed3426f821c0fa683f41464c8aefae5a5a29522930dea3a5241890a9605379442ad0c45b41081ea514c6988b451d3a4d213854aa9ea5a1e94c91e4292acd402b925491e69a54041401e7c146501127676b7c90543eb0f6924965513a8b7a04170940c6f90e3e169e15823e74f6dfe0bb02355eac85ecd039ceb1ae2a3c9017196ddd60bde7c3d98636c48c29af342e401b0426785a1b302e5e9bbcf76cda58733536603a408fd4f1c15a41771b11082968fc45c2d998f68b101a250c8fa78b8833f581c63984071b3cc2798412d1a0e842ac949da7d1122d15b28956fe8d48d049421096aab111e1848a05a08f0f4b8b3f268cb810d02aee4fa22b3f108224952821303666a149924894778eaa817b33c3b5818cca16e9bb322c5ed65d78faf03d1af9ecf22b3b09a7ebc4b718ffccc454990837bbf0d433d6752d16cdf6a0cfd974ce5e3f2751021902de0b3cb1380cc1e19d2584086357bacbdfebda301f9d3b366d4b59f4190ed2188adad4482109dd0af29deb0b11af21ce3b8488477a040c46c7a8528252415d395a69905222bacbbbc3b3a82c792222bfca7b9c13682d90c24188b561e31ddec407e5109171258814132d08bebbc3067ee8aef7037b94c434755c8ad682b31479c26fbcf9809d4b7b24de9064397956e07d8b7392c1608c44300c15b3e58ad346b0bdbb1db125aaa1cc0b7a45c672bd26cbe2e4b96d1b9234c19a686a940132ad69ac4509c1a048c944c42cb541d27acfab5b05bba9e03b048e6ad3819c2501c1b275dcde1f20d0dc9fcc190c47b1caeed0dbbd5e19431bd72b86c321b6aa383b9f7270f5b958f07a870881b5b56c8d07f8f0c7b2f41fe93a1d6d6d71661d5a409168f0813295f48a92addc530efac86c87aa59b359ced93f788e34cfd85bdf675666d4676bae3e7f9bb3d30976f280ddd188e02d37b67bcc360d65c8c8cb8cb969e9f5057992324e25ad9364454255b5e05bce6acbcc38126ff8f99b9718f5537a99626b58f0ebef1d735619f20e18a684e0336fbccee2e1c7b8e23207b75e2604c172b9e46c72c6b5abd7f0de71efc15d6e3f7f93db65e0b77ffbf7b9f9daa79e9521c17ba6b339bbbbdb5d034f5df4a03c69d18ffb8a69111264f09489461243acf676b6498757383c7ccc66b3e6f9973e4d5355f8ea88c57a857096d1789b7bf79e44fbc762ca4fdebec2dea82097823491e4832da62b072e22349b7a8d77b1ec58cd171125d718ac311489a60d9e41ae9152b1b5bbcd5f793de1ff7bfb110b1f6f0bd65bbc483041d21bec301cedc48bbbf3248b05dbbb970804eeddbfcfeea55b4cee7d1d1f202f8bae7653b46d24178db6f7288a3e9e3fe5d5b36dc43f3b1d43b3821464894012516c45aac87a7d86a31175b3616bff79aaf5198f8fb6992d1f50ee5d6577ff32de7d1bdb56dcda19f0f2d53d3ef1ea0bd4b547e531d8796fd3b25e4ca30661b5c03b8b738676b885310dc11bbc6d3ade55ccd112b13a636b77c44fdf6cf9f58f27e8244100c78f1ef1f8ee09cbb2e6d5cf7d91b6ad59ad5728add8d9bb42db5628adc834bc7fef3e47cb96e75773cade98244d9004dade88ddbde790698ea93717afa824cd62abc113fd77324a849ea2f8cb3cc111c8b39c7ed9a7c814cae728b366d8ebd106c37c36254f13a65ef04b5f78994fbff163382fd0b5c18a82349508951310349b354911b598c15bbcad2028bc0d580c69aaf1ad8f7c516309d6e395e6f91b57483e3a05ad68ace3d13a301895dcfec2cfa1540c62514a922429599622f0a43a617cf52506bbfb6c6f1cb76ebdc8d9644296e538ebc852874a1252ad10c9051d4e29625b34048790128bc77b49e88e4aad14599e5364911efb34fc55e9849bcf1d30de1e333d7c82f3215e1132cdeb5ff8025e25c82c8b10d4aa8e2eb010e39494d6243a8927100aa5b2f86ff01ea9a27b2cb6895c3cd655e4bd1c9d2d5089260885120a5f57ec8f4bdef9cd5fa3287b646911514e4a91a8980ea0124d7dfe88427a0e72c9c3bb1fa1a424d1ba2b7c5594822bf57d21b5ff168769ac8d84d4285a1412afa3850d015aa56469864f222738d549a40f09493b7d8c5d9cc516903594fd0145aa49ca2d826bf1a6410889b30dd5c2616a0faec1364ba44c71a6468a6e1612044a785ae33a6465827775947c7b4753591e4f56d8aebb8a803449686627ac8d451210222089531d95252813cd055453cab2a432816ab560b8bd8bd61aa9344a439af5ba54607731004cc8d0b55c0542c682d0058f1420a5204d1559a6d12a41251aa9044289988a615c17879663dba8f53c3d9ba0f30299a4c824412b1022106c830e0dc2b61d3055e29d274b34792a49928454499224474b0fc4eabaeb1af2645961adef3a1981e3c982756bd1c5001f5cc73a8ed65d458875971424bd01b96858d42dbdad9d280992209540271abc2538ff7de173ff56ac5c9ef70974b0630f59fc644821223d4c48d25423556c4728a95042b2749a2024a3f110ad54176a2778f4e490242be37226900ffa64458fbc37a2d8be463adc8bb68e6c882721191e20b301521524bd2179d927490b7492605c6cd92a9dc6166e884d41816059552489e6f6cb9f7cc66cf6214e7444b7ea955464e3ab78a969ea962b576fc49b885228a1bb8522402ac2855c1802fdd156bc5bc5a2182d237454c9e89b093e90c938ef53329a7700c6375e47a994ad832b6cedec108460d01bf0e1c7f72211c4daa82aae366c6acf9a8c90f571a4ac574b44d6633539c60a8d0b8aca5a166dc26463395cb44c1b1f57a54ef1085ebebc156f10ddcc0ea1c88a94836bd73bb0b5eaf6d5b8f73cbdf0a7450c0571027abd3e4a8af8c576bf4ecab85fe98bf6a83fc606288217e844d05ad7b1623c891220342a892336a513a4944801e5688fb23f400e8668adb12eee15bbe371ac9144e0dffcee1f71346f198d066825299520d30ad95a8408b475c5e4e411f3e9194f2633de7932e168b624d59a3cd1786ff9c95b97b872698b970639bff5fe1384489078f254d1841ca973ac8b5b0502a45408a59fb150a55424598f24493abe9e40aaa44b068b13f1e09f5eccff14b39143826be306d781dd57b329c9cd9b5def49a375ec973f45afddffe07bac362b56f7eff2b99ffe85d8db4e349ffaf427599c1cf1afbffc35bef5d163826bf8debb73cee673f22ce5952b7bbc78658f17724556663c7ef431f74f26bc7738c538c7a57ec6feee36c118cee76bbe75f790de60c4de20e3335777f8eef18a4447c9a1b12df73e7c8beddd9feeeeab71c52b15ef70aab3d3be73e7011b2b622b45c6a9b210022924422760cd0ff5cc7f405a1dc00794b704a531ad7f861217b2b3df767d6a2555dc20bb096ebb3ce5f87cc9e1e984f96c4e089e75d590270299e70c7a397fe7bff9ebfcf8ed2b7cf6e59778f5608b2ba9c4ade65cdeebb1b395b33dc8497d8dabd6ec2482dbcfbfc8fef557385bd7cc362daf5cdee28b2f5e63b5598154fcd80bd7e305d77bd675c3e9f1840fdf790b252442c443294e265557b0c29377bf8e310185e1ddb7be1939f34220885f7822c5b336cf05a79e0429b021760a84f0cf02a07c08689d75132089923ef68a44ec155d7ffda7d8bfb4c56bafbec860d8a3695aca5491653d7a83317fee2ffe79defbbd2ff3f6a373bef5a8e6fde309dbfb07e8a4440eae91fa25a18ae9924a4ab2bc64d5b46cc2800787a7a87cc0bf78fb01c6d4506d70ceb0bdb315f79e10f8f73ef53207cfedf397fedadfa0ae57786be31b224517e313104272e5952f70fde6736c8f067cf2c7be18d308421c7d2204eee988fdc2b99e10b4ad41a629413ced1ac67f880a71d3142a620454a76211328616d71fff11cf5db9c6e107efb33b2cb9b11537dba740fae02de755e073afbecc0bdb092f5fb942e61db79ebfc528277e0926b649fa2a70655c707b20b9aaa6fceccbb738482d7ff9533758ae2a12e911dd2dc205cf176f5c62bc99101e1cf3d55ff97be4c510a1f5b3cf14e76f9109337bf43e61b5a0c473e7dd37897a8ca8b31042229eae421f2ef6250f863b78c7332e392ece8953adba3e918ec567d22173bbbecef4ec21efbe7fc4bdf315c3affe63fecedffaebfc837ff665e84c958bc70ff9a99ffb2982940cb284c7f735f9604cb9bdc3b5cbdb783449d94779c15651e03241361aa395a24d5a8c8db6dead51492202599a2188710daf5d19e1db402a14e7b31a632a1471de27c41f1319a590d4677731de73bcac288f8ee9ef5cea603e717ea9748a73cdc58dbb47f7ef305fac71ce12905173a0225d55c858b8091165314917422a85c279cfab7ff96f33fd7bff33573ff506be3720e98ff9e40b9708d677011a1eeb0cd3c305bddd2b5cd219fde1984b23cd707b4cbb5921524ddecb621bda3a72d110d23e793a22cd5344700867703e4645b63630ea95915d3cde619627fc07ffe97f85695a449a3cdbd0bd371d9d11c62ffe24ef7ff39bacea864f7efe2758ad57b1db1ae2caf2dd55295cb447f587e3ae9a12f8a86c88227bef09dd10510a491ce40a04eed950f3de1ffc1382caf9f87bdf22bb729b602a9edb1fb1a9d6c8a4a018ed822828473b28e93938b8c2ded62812ce1acbf27c8e9519fbcf5d21cf7206c301599a32d081adb2a49fa6942a254fcbc87690924ddd9028787cef185357c8e0f89d5ff97fc87b4384d2ddd45710847876e84020243907db5be0ec332a78dcbfbbbbae10df178df96f119215d455854e1421c4366de80a87542b908210e25c3d4922880229e3a4a3d8e5e4ec8c0db0dcbe4ab35ed3d7794451a639bdad3dcad11ee9708fd1688fd4b74824a3cb3750654663242acd102225ed0dd92cd754eb654cad977100a094c01983f782342bc8f294d76f5cc138c1930787e47bdb5c79ed0bd8b68210fbf25269a4d49d3d58b23879803796e3c982d3b3b378ca2bfdc78a3f9544def1452bca59c3f6ce365a4894f00411050c517b2808423e3b05950c9d3c315e715efcec9fe3facd9778e5e5d7988b84bb5ffe32c3cb37186eefa29426494bd24490a840962bd2e13eebe58af99347ecbff0698a2b2fe2649ff9624deb1dbb970f989ecfa9ea80310e67631960ad4569d1bd2a8a576e5cc101765db14a15375f7805d14d8f9f2ea2786f8b7dfa9debaf71f3da1689821b376f1284c079fb7da8d4b8ed5f70ea8dc65ba42a20549cd6d20d2a091e63633d25bb3882381d4941c53883b65a32dcdaa6ddac904233d8dfe1ced7bed6e9a90459d943279a544b4452b2594c993efa809de72ef35ffec5bf805adde7d1bd7779efe3c7fc2fbff2bb7cf0c13d94d61c3f79446d2dc686ce5c19bf30bcc3e3a91773de78fd3acfbdf2025e26b4f506a513944c62fd8742084d08514b158227ef5f61586888c108489544f9a20fcff6b51f64ccfed05c4f24798c4d11122d245e0854277070a867d2bc28d1b17126e7613339a564cd62728a47b0f3b92ff1e2cffc24799676d06487d21a81a59e4f993eb98f29aff0ded7bec55ffd992fb21063ee9ccc58561b7ef613d7395956682db1c1b198cd70ce60adc53b8175016363de83ab1bb2edcbf8dd031202278fef77512f1eefe364283c3dfea5c05943bd99916b8d3115c6b698b666bd9851359b084bed72327e74e34eca0843eeee46c607848f2c730d046fe2520e31c64484ee1bc0337bfc3626d946b40dce34fcf3afbf4756f491481c81c6f84e53e59132609de1c5170e181decb2f3b99fe69bdf7b1bbd75c0c1eb5f42e425623062a35292bce4def1791caf5b8b753555eba88c2108180d73566a802e0a0481a33b6fe17d275c135191fc54d61380663d434a4dbf48999f9fe35c8b35b10ddd6c56d4a6f913afeb0582fc342fd13a8d9b9f1048142e787afd8c3489f9a0a1d32eab7833c021f1eb3326a7c7ac5bc7f4fc88e562ca97dfbacbe99defc6952a0549562082a3ae2ac4789f26780e4f37346da0740d7db3e6a04cf9c4fe88ed41491d02a7ad231f141c2dd6d43eae22a16264ad6d1ac4cb3fcff88d3f4f121c28c17a728eb53e4644b90ed8ec7da77f932c8f3f261d1de07de0f8f051fcacbec1f9f87bf02e268ff83fc5b9e09d8fa207a962eb550608b16277d6c15354a58a8dbc404004476b030f1edce5e1744da27374521202fce6c733b45271a0282428c19bdffc1a375e7a8962bccdc1d54ba8cd8266e1c8c879e7ab5fe57bef3fe2ecf12949ebe82b85b582f70fcf3bea63fc2cc6c6e6e2ce0bafe29c4348cffc64c274d5e06c13258bd644e641a7e50ac1e36dc3ddef7d85b3c526ae72ef9f69a39e16dd2180f3e6a27e54dcc0bc9258eff032c13e557a044df05dd45d9707a345fc8b5a63b8f573ff3589824f7ce213a4458117b12b29a5a06ee326ec8367355f62f2826a3d67d413bcfddbff86effce137387bf81e4fee7ec8e16ac5c6b44c560d5ffff890afbd778fe3c939b90ca0328c09b42142f07d9276632ec18349c583f986e73ff325bc8d2ba35eceb155856d2adacd06d3b694975fc304cbe3a5e1faaddb5d6e8debbaba01ba8adcfb0ba98cf1951228824fe265d145784df081b689907aef412ad7fddaa8f77df09d7f85ca7adcbbf731cec582cd8bd8597c7074cacde70ea2e2cf5ae6d305ffe657ff31f79eccf9854f7f962b07af70fe78c2a884bd6185a7c638c7f1e204af2d6b6f498b92ba6ea25f1981f1708ee29a0f38eb288a92add1105bad912a89faf5e0a3f0a20b2b73a6c5ba804cfbec8ce2882c1041aa2280101eeb0389ffe13dea87fa51a19bdf89ae90744262bc64508cc8546c5f84aecc88c380980131baf63aea9df7c98a02672b36cbc5339cf8a369c3edab3177103c3a58d2bd6bfcedbffa1f32dcdae1e4fe19f7f3073cbcff11413598cd942a1892a445258addfe883aebd13883695a3299c690b324c323b01efa65c660d4e3a469f0d674d813d3f5cbd20ed86cb0cd066c60bea869ea062905c8ae3c404357f573d1a5f8a963424941d0121be2ddc711103a8bca95ce0ee1bd7d46c1b7de210814690cf7da6cd64ca6c734d50aeb2304673a5f219a39adb5a8b2e0fae54b58e739bd7f87e3fb1ff2d1838f78701a079a9bf5067c60d8cba2560989a92ace9ca3976a520955b185b4a1bb7e28ac0f719ad2053f06afa24bc14582b56b1dde79824c19f45346a58a95be17d8a6e90615163a648ab950cdd201477dd739683bc1fb4b57f640aed84c2adefde60a9d964861a93635cbf5afb19c1cd3362d0f0f8f2895e4836f7f85f5e163defcc32fb3d9ac397bfc84f7bfa1f9cffefd9f422bc1a54b7b842ce5fec36396e7671cdf3fa2dcbac6c8f7698d653b5b139ca32c0b82962c1b436b0c3a381a27c99c6175f284f375cbdb5fff5dd6eb05871fbcc9e2fc8474b8cb7b6f7d97442a96e7a73c120aa5534e9fdc657a76c29db7bfc983bbc7b45ef2e0ce872015d33c67369b618222c9ff88224b387970f7476b38dfffe05e98cd97fcd63ffe3f981edde7c193d3a8170f0ae91ab48c521d2102d6c742934e87eebdc3233a00458c9eb33e742ea73833fce5bff00bbcfcd24daad6529968eb78e7e343aeee8cb12e67b559323fbac37236478a169d68e6ab0dab7504cd1304422b5ebb71c077debfcb64b58957991040aad868ec9428aed33ac52ba97a560b56d6a3b48c131a138565d60984b05157ff34954ca9c9ef7deffd9d1fa93d9022268bd48b393bdbdb086758aed608ab51d2216486c3d3cb5254aa699a086c5fdb161562912a3bc98d001215f73a029c9f9d72f9977e918fdffc0e3b3b7bf4065be8b4c7c974cd93bbefb29a1e814c118a8880db446530c132af5ad244726bbb20538207b335695992b73541cad8a3cad2e85808e065b4a3e42ae6ff050252402f8d6f8c141a9fdbd8eec6614c0a32661922405ed4338f236b4d9440a644a1a5244f35592649d21c9d2a5225f1a6a1596fc03b82802c80d6927e9691e79a3ccb48531d67663286ff1c1e1d521419b75fff24f73f7c1f5fafe9a99a30bdc7e19307aceb96ac4c98cca6dc7ff488f3e532020ad735520ab6334d96484cdb900acf871f3fe4d429321da1ce8db5d8107022ae2a2124b5570429b021501ba86d245a1bd7e25cc0f986ba9b123dddbfe302551711aea3abca9925b6ada84ce8a22a21cb746cda19436b2c124faa152e9868b8093144d18a066be3b546a984e0db08f6b28ec9594d96975455cd1b5ffa021fbdf926ab36f0de871ff2f8ec0ca925eb66c3743e27e80cac63b25831ce14fd4ca065201803a5e0faee80b71f9d727874c42b5ffa2ce78f1f3efbda65f01119d806ac0880c698800b8ec60772ad4944cc537521e2cd4d10245aa088c2352ebac23ced5599e50291e42c561b968d274f23d0265512eb2dd61b041e132c2eb8a84409d07a43680d124b223c981a15022ab408eb11ce107c8cecd53ae1a51f7b83bd51c1c1de90cb038ddfac99cfcee2e9d32c59af560c33459664a42aaa6a5ca7f7bcbe338ac991a9460d774984a750925c0934814c09b24cd14b3565a2e9e78a7ea6c8556cc158ef313e60acc321a246d4054cf0245a60fd4573bdae980c2126305ae7198f737ef37b1ff2e33ff1331c1d1d3318dde0ea958aad718694505582a385a3a704cc4ef9f064c6edd73fcf62d5b2351a52b70d5228f224271301636b9c73a4450f1704375efd145e17e4a303b61e3f667a76c87231c71a504a93a5295a78d244e1f028ef096d8b320dc107f676f7a30778f712b3d3734c9ab175791f8fe07c72ce78bc452be36bd9d62dc3619f9159f1dedd476c5dbbc1d6689bf53a169fbe350cb7b6c9b29cf572f6a7048f21505a608323c3458cae103cf8f87d7a5b97f17a1b5918d2ac05d952165718cb353db7a6978e79f0e490a2ec3199ae180c46a406743e46eb9637bff9759abac1598f71812ccbf03a65bcbdc7feda2175c1fec1756693c73cfef82e59a2ba30c598775a24f1166e6ccb74b1627f5030dedea6696a86db07f49a8a2363d81aef104260319bd1ebf7186e5d62399f717a7a42d9ebf3eab847333b250c7bf4fa91175357cb08f8dabd44560eb1e64fb9eb092148ba1802ad34ced42809a9d4a449467f6b8f62fb65543e22c947dcfae49f67ffea6dfa975f633a5f2355ca706b8ffe7097c1789f34cfe86f0db9f9d21b3c79f480f3e343b22c47750dc0600d5b97f6d15a51f4fae479461009c3412ff6e843746816590a3ef69816cb0df7ce16145b7b11d0653c359a2604927cccd6de01bd6eb4bf73f936cfbffc1364c51029255bfbb7698cc50a4556f4c98b9cddbd4b14459fbcbfcdf5d77e866b9ff802797f7051f720c44c63023aef75dd4415952cbe41272965aa91698f96114936a018f4e90db649ca3e773fbe4f2d53b2b4a0b515e570079d69b40e98cd1cf0fccb7ffd7b2ce7e7386731754d9617681928b234222c5b4b75fa98e56211b39e3bc65e92e4f487639c0fdc3f9b7318fa0c8763828f526ed7d634f990e1c135b234252b7ba013f2323efc2c890c62a914f7ee3fe07cb1a6d7ebc7d339cb49d394fe6048afec912729a9ce2ed8cc83c4b64d6c9d748279d119b0a500a112924490248acaf50822c6da299d906525972f5fa65430188c5004745890ca68a9984fa668a9f8577ff00d3e78fb03ce0e8f999e9ee2bca36d5ac6a314b79a7078ef5d369b8a7ed9430b89f39ebcec9164392e0466eb960f179e72fb0a595a4614a65611594942a8d794bd82a433506b29c852854e53d2246330daa2e88d1916395a2992342591029d466c52aaa37420cd928b5754083edebe11242a41749dc1c443222549277ab021a332f1c3a46986fbf0b7d83bb8463fb4ccce9f90a79067293bbbd7f883dff906555d9366198f8e9ef0defd23ce4fcf984f16cc4f8e70ae21584b3d3b61727ad299a7250443bfdf436a894a1467cb35f7671b06072fa3648c48c99234f6a3545c59a7d3297ff4b53f643e5b74facd9c442714794299e71cbff5fb5cbe7a9d5ebfcfc993074809495e9074bdff24cda21246ea8b999d599645418310781c52451159ae01ad915d77516bc9d20c410a12194894a03a7e8fe5ba225581f1781be4985ffdb57fc1d6d62e4f1e1d53f6c7f8005ff9a3af7332af593796b3a33396a713968b15696fc8d55bb7180e8648990092a4e82375caf96cc1e1d90275f54b28a550ba88284b1f759db3e90421238151ea84e3c3238a24c7dbb6932645654b223d65d8a0452049922e97b9424a4d22445404ca78a3b87045c5e0e714a9138414789d1142a05131d24d8ae84bd152637d16b3008587adab580bf960c4d6c1cb6cda116fbdfd2e42c0e73ff73ac659944af01eeedc7fc49d478f98afaa18c9521b8c83a4ec511643b25e0f95266465894e335a6399cd57b47b9fa66d4d14b7e93cb6ab9564b55a238462b95cb25a6d982f2a7c90b446f0fe77bfcb777eff371042e0809d17bf48dd6c58ac566ced5e42ca38728b3a8ad8b17daa70b9404826c8b2f299ad3dd880d72eca7a8220c898422b84ece21d64d7e9948c6f7d8657b66f901c6df8bddfff165ff8c2eb7cf5abdfa4aa6aaa55cddd8fdfa6d944a1a9b10ddffece77d81d8d4876b7b0d339de05bef28db778e5e6659cf534b561381a83509ccd173c11bb68a1493349f03d7cbb462941dbb424898e834be1d9dddea16e2cbd220af2c9521e1f4de9cdd7ec0cc60c2e5dc71ffe1ead35f486a3c81e4e748c5337beeb5f09d6d5fae21595a619416982f5e82ee6c947e540ec180a89ea4c41100842311c6e71f7ce637eeb6b6ff3eebb1f30ec174c26334208eced5d66676f8bc5e4311f7ef036d75ff95982779c9c9d71e7fe7de6cb0dabdab2ac2b5e79f9166b63d179c1f6e5cba4fd31cbd5927a7093b4b71749186d0dcee07d85f001a9e200b3695baa7a43d3181082f9da901403e68b9ada046ae3992e0def7dfd7760781d294244d2a918e818c1a6f259a7214dd38b4ebd809022ded895ee669f122d024ac44410117c14902278feb93193bbeff1ebbffe65bef28d6f733e9d9268cd8d9bd7a2a0de3b6edfba8eb50d6fbcf10641c09db7bfcc4ffff2dfc4f8c09dbb7798ad6b36b5a5de388c0fa4799fa237881078219817d7f9dad7ff903befc73e91374b749a91eae862904a11824227457760e83899d68af97c451002d35a166bcba6b66c5ac59bc782e73ef38b5d5441fce24327115242a250641d95ff47cef5a45028953e7b47b57c7abd11e06b3c9e6b07db0c32cde3fbeff3ebfff277b8773f860916459fe76fdea2aeebf84d7918f4c77ce52b5f21491483fe88e572caeffeabff9bfd6baf31af3d6fbff56d16eb55f4ca19014291f606f4475b4cf2e7f9fdaffe0eebe529f3d9315ff99d7fca72b541098fb78e444771aab1963cd358dbe242ccc2699a1aa5342ac9984cce28ca31b3e9195563685bc7622db87f7fc29d3ba75817ef6f220abf104a5037cd452b2afada6c8892c44429bc883e98244d186acb8bb76ef3ad6f7c9b0fef3ce0fd0f1eb0a91b02827e7fc0eece2e4a4b8cb11c1d9d321c0d186d0df9a3afff2e67a7a7bcfcd227d02ac33ac1ba095cbaf163bc7dff980fbffbed88f826bad593bcc707f33effe81ffcef2c666771f4e41c795ef2e0cef7383a7a4c63ea48f6a86bbc776805453e20cf72aaf58a44a7344dec678db7f6383939c491e1d1d8a0596d1a5a9fd2ba8477df7d8837e010cf7025fe62417ecc73574949375e8996d510b87c7095f18dcf32994c383e3be7ecf48ce97c4292e58c476386c3015996a2a5c0b486fdbd1d6edfbe1d5528128e8e8ed8ded966ffb94fa0b201a3edabd4aec7e8b9cf7356dee2fefd07b169af246f1d3afec93ffc5f915d2a5a9aa6e47989d209495670747c8cccf6684d835431aaa0ae1a549a61da0a64b47e0c075b986643088ea2ec47fd93359c9c1c6143429005f3c582a609cc568a76bec43a8b4774e2ff1f29c88f69b0a65ae383c6a3b0ade53ffe2ffe16af7ce92fd1d41beede3f66bddee065429696d8d6301a6d9326e93315eef9f932421c107cf56b5f65d0ef616c4b1025cfbff03ac3ed1b4ca6270c0703826d389bb71ca52ff1fedbdfe3adf311ffec57fe2fdaa6c2b4865eaf8fd659d734ecd31b5fa73f3ee0cec71f92f50e70c1b25ccc992d576895d1b42d495692a43955b5a231352e08dabaa1ec95ac3715dbdbfb64da70f4f80e93e984f9624e63152463befaebff1453d73fa875fd8114900eb8e08934d67cb8cde77efeafb15cccb9fbe011ab551bc3528da76996e4594e9197719a2ca38777b9acc8f284d974c27b1fbcc7d5e72ed3ebf5c80707583166677b8b6adde0807b77dee2c77ff2a7f99ddffe0d0e2eed93bef8177974ff1dea6a419a160c46bba07282d0ddc3eae39da1aee68cb7f6b9fbe894ab3b1d0c3a55d4d58c2c1fb1a95b12eb2368cb58b252d2eb8f68eb9ad128e67d5963d02a90e763ac35186bb8ffe090ddad01dff8cd5fa337ee5f2cc81710abddb4e4d6677e899393094f0ecfa98dc37bc37a3da3280abcb7041483c1a053b644716cd3b62c67732e5d3ee0d39ffa1cd3d939579eff0ccb751b8131ce51f6077867180d6ff29d6f7f97cb0797f8ded77f8360d738ef186d5fa237d8438a94a418751b6d44c7b5ad27cd4aacf5248960e34a9acd0c251a822cb12ee2d91092f57ac2f6ee15026954092b0dc15355157996907461b36591761caa944d6d902241af9a8be77aad692140fadceb582f383e5b92e62588963b771f922429ce458b61bfd74725294d1d2be3244908d6b37fb04f96243c3a3c2404415e0ce951d3340d9baa61d0ef319b4de9972577cfbfcadc6ed0cab275f50b14c590e9e421fdd13e3e7892245af74507eff2b621a834960aaec193b05c9cd12b72faa32d4cbba16a2aca7cc0707c406b0465bfa0aa5ab24451374d0c086a1bbcf32499c021706d8d0c158d89af6fb55a5e5c4729a5c80663ae3eff09041ea9354f8e0e23f9dec4626e6b679bb418501439d678b2ac47db18569b9ad6b44c670beab6a1df1fd01b0ca8ab0da6b5f4ca1ebd5ec97231676b7b8bb22cb05e10e1fb193ac99132301e5f42209042a3544256646819f0d69024395b5b7bcc4fefb19c9d92679aacd825ef6d63bc20c9fa647919d16d5e44508df5f40603a48a7980555d454dbdc8681b8b5619f57acec9d143d6eba6830ea617ebcc4ddb926d5f67329de17ce0ec7446af1c703e9d45cb99106c560de3e180a6312c574b9ad6a094c419cfa0d7e3e0d21e75dd526d2abc75a459c660d0a3aa6be6b30557ae5ee1f4e484d6d4f446bb8cf66f72e5e617a9d60b1e7ef835944e914a9126d1471cac4748854e32a4523c79f42e3b7b97d9d9bf8e758e4b97af2165429244ae4a518c28fb63d2248f92246f3bb68b64b15c105cc03bd059014ab3592f989d3fa01cec93152575eb692f1292458d86a0bf739de5bae16b7ff826b76f5de5f0e8982c530829582e9671f37301e7a2602bcf33d2bc647b678452b0d9342449ca7038c47b4353d72c962bc6e301699e727672cadede25eabac59b967eafc45ac3f6d62e3acde2a55b45f7407006213dc6587492b238bfc7a52bb791499f663d418a84f97cc2bd7b6f91e725a3f116ce0bbc87acc8706d4b926a9c35ac169165beb5b58d750121354992b15e1cb2deac30d6b2989dd01fec92f70e2e0eddd11a1e3d39e3cd77de67efca550ef677499228ef338d2549344d5b618ca56edb6ee3d4244ae01c0c06438c69586d2a56ab0aeb1d834149afc869ea164160381e737a7ac4e47cc278e712c6185229104a31186c2394c2794991154054ed6679121345b2313bdbfb14790f9de64c4e1fd0eb8fb876e353082959af6bb677f60083758ab25750ad2be6b309d659b676f6a94d3c50a494b160b50d59398850429d2384a4b55cbc479936707a768e44f2e4d123cece4f497442db1a7c10f4ca92bade605a8f4083d098b6212f7bf47a05c64420c3d6a8647b7b48aa73369be804787a975cce97ec6cef619d41a2a9eb9ab2df27788f4a0b9ca949138d732d4a4adac644219af78cb72ff1d1fb5fe7f0d17be834252b7a8820e9f5b738397c84909aa6de30393b8ac1ad8b394db341284892bcb370f87899b606e76a0896bada303f7f8c4a521c8af6079ed40f35ee66b339d67996eb19755b7178f824ea39db9a22cf685a435d2dc9cb9ccbcf1dd02b0b02827abd6138ecb358552c571b4e4ee72c164b08813ccfc9d294d572457081e1b04f630c4a6996ab1983c12ead89c351e725699a609ded2c1a5138124274a03a67999d1d72e3f667d04271f9caf3e844b15a4e58afa66cedc46894e5e2341692ada13f1ca3848af38010d9574a6adaa6a16deb0841d4220af909f19e27c445c052c1623ea5aa1aaaf51cd334e4fd7dacb5346d8d4cd24eb2a709c4bf30cb32b25463421437a4594aa253c6e331fdc100a915f3c502ad15fd4149d354d45515b3669a9ae1700b253d9bd5865e2fa737d8eefc33be633845afaf770dce3bb4ceb876ebf33cb8f36d9244339b4fb8f3de1f92a4057939647276c2b55bafb37fe5559c5952e419c6785ad3321cef8392e465f90c8e93288d3186bada2084c23b8bd6f90f3ea71fb4f32bbc85f56a167d274a339b9cb05e6f085e427018ebe90dc78027cfe2a4a2d72fd9dbd9e2e8f084600dabf586d56ac96ab98a7bd2a04f5537acd715a3f10ef3e58ad618ca7210a58bc693a59ad52246be59eb49b3c8c5f3c1d3b60d5a699454dd03ef814a7878ef3df2bcc770fb32abe519376ebdc67c768ab396fea0cfd9d13d0e1f7f409e650c473b24494253d791086a9b08e471d533bd8173267e49bec5d90bee7a4dd392a4317aa4decca9ab255ee4d1ef12da88bbb58e417fc478d08f514dd6707636c358c7f6f618816430e8b3bbbb4391676caa2e8a693820cd0a9aa6a62ce394442a30265014255e28aaf514a952b24447ac91b798364e7d94d628ad23dfd3b48cc797b8f5ea4f71767c9ff56ac1fec12d96f31997af3c8f90923bef7e93ab373f8d4e32d22ca16d6a66d329bd5ecccb8aa4b31681ed644001a9745cc13a8b4ed01ff5a0cececf99af96648920c906d4eb19044b635a500ad36e489312ad73668b35217846e32197f6c60821383d9f926405ab5554a134c65016192e18cecf27082959ad56d1d92e25d5a642c898ee619a06ef3d4551742ef180b78e40aca02511fca5b5623e3dc4b99ac5f923ea6acdad17dfe0e1ddef2055c2e4ec31c78fef72e3a53708de331e1f309b4d51d251940575bda12c7a186b11c15155ab88c024d071bef0c174c08a1ff1a016b305cec5d361bc7b856673c2a65a2342b4ca066f514a305f2e180ffb6c6f8f98ce564ca6738aa2e4c6f598f4381a8d288a1c8160b5ae198f76bbd55093173dacf3cce68b6763a9c9f9517434754c4fe7036539c28788090f4263bcef5ad18ae5ec8c242d50d9801bb75fe7ece823b262cce9d1fb0cb72e71e5ea2758cca7489d30991c93e50374d263b33cc718db19b3e3d84dc928960d21601a8b770189a26eda1ffda0dab665b3de90a4591c06663d1261e30c2d40d37892ace0da7397699de7f0c9610cc8e98fc833c5d9d914212493e994e5720522301cf458cc27781f582e961465ce743ec7fb101194f58680e0ead59b34d592b6ae4893a4734879bc0dcf6436474f3ec6989a6bb73ecd7c7ec2c1a503944a393f7b449ae7d4754b51f422546b3de3e1c76f71f9da6b08a1502aa1e80d48b5c7fa88e3a6a3c21ad374375d8f941e2f9e3ad87fc483aaab8ac6b40c063d4c63d1590fed2b0292b6d940900c865bac571bfa45427fd08f28a161c16ab1a1df8f2088bd9d5d8a22a7aa5aaabaa1d7ef75608704d7c60141536fb0ce521edf27c972a6f30521046492c5564fe79d2b7a659cda06c766bd40eb1484603cbec4d1e38ff8f8836ff0caa77f9ecde29cab373fc57a3961b39cb1d9ccd83fb8c1f1e377397ef2214267a4698fcd7a4db00d04cf7a357f46884580d02af26652459a9617159c0031f9a7ec15a8a488657eaa686d20c95236eb0d57aeecc6d8b834a26e57ab15a3ed3e47c753d6ab358bc58ca66ec98b9cb66d71c15337157991339bcf28ca1eebe59455bde6cefc08d7ae71a6a61cee539665c78889615c21c44dd739cfcd173ecdd9f13db4563cbeff2e27278fb97ef3f56885151a1902f7efbe8d4c34b66dd069caf6fe55ea6a495dad310ecafe3608cf6a39c1d975ec8606175f3f4f4c7b331621ec450fcab35a5564499cd26e56736492137c408a409a0f188d86cce76bca7ebc9f79e779eeb903aa55c570d8677b6bc470bc857196d96c824a14cbc53246345591abd92b7bb4c63279fc2ebd2bafb2981da39520d539ebd51aa5d4333fb07716ad624ab64e12aaf582a3c71ff3c227bec04b2f7f9e7a3363b39ae35dc364f284d1f880d3c3075cbbf5c998c6bdde70f3c537383dfa80cd66466b2dcbc592b65d13848a54a0ced5ea9c45e9046b5a7472c1a9b7a92dd67bd6eb35a3d198f5ec7134dd048777902409bd5e0f828b23f44d4559662ce74b8452d1c2b15ec7c658170ebf5e6d62ca9969686d43922458db20a4e4fa4b5f44b6869b2f7d91270fdfa56e5a06bd7e846ef9184599e62942a451d1670cb75efe1cf566814a149bf582e572c1a37b6f71f5f9d709688470bcf2c91f274d0a1edeff88a23fe0ecf421d3b32386c31db4cae8f57a28a529f23ed3e95147188ac4eac860b7988bae30c65464896455d58065b47515256cc775522811c09b6e8eaf912230e8176479c97255d1542d599eb1d944a8bb56b2a31e5aeaba26518a24897b4c702d6633a3d8bd161b7f1df159a880b39e7ebf8f4e8bd8aaf111f758646547ef50d455cde9f1c7e4bd314539e2f4f81efd5ec17ab5a2ad37d48d6130e873f8f05df2ace4eaedcff0f0ee77e90dfbd820d03a673e7914e7985dd683f7d195916605f5e68249b1b7827ebfc76838e2e8f00983ed4b0414799e475c47871789de184f7fd0a7690d088f007afd1c89607b7b80d69a4dd550e4d12898a4092108168b19fdde00e72dce56e459419a64101cc5b04fb5ae239ac939ac6909cea1b5a4c84b7c00d36cb87ae3139c1edf63fff22d0eefbdc973375f66ffd22d8e9f7cc4eee5db3c7cf836ebc5114539a4ec6d912405524474a6b7813c1f70fee41daacd8ae0150445e8ae5f02419a262417c97e8c77586be99739ce4b4cd3e0bc2120f15e50e639844096e7b44d43af57d2ef979c9d4d59ae362c971b3655c5f9d982344931d61282a07a7a8ff20d21405d57b4cd9ad6b44829582c3734f5122534ad6d09221abf75a23a93618c4419f607780fd6099224653a39e3caf59771265e736ebef006d5f290d5fc8cfdcb3759cc670cc77bd4f594a307ef20a462369fe3bda369d6311645cb283a0b51631e84a2ae5b7abdfe050faa8d3eb7c974caa54bfb18dba2d378a38ef6a318c55696094a4b9aa665bdaed81a8fe9f7fbecee8c188dfa4829592ee6f4ca9cc618b2a2c07b475d354f410124696c87b46d85f39e24c9d9acd664691181a39d774eeb0c635c94620b817396fb1f7d9783e76ed31f6c91e67d4ebbd4dac5f498cd7acd8baffd2cf73efa23948823afbbefff21db0737d9dd7b1e63366c568b38af7406e7138c693bebbf224b4b122568db0b0a4edf61fffbfd3ecbd522cee6544e5ef4c88b1ee029f2845e993318f6190dfb6469c2f1c904676baadad034962cd751491244bc9513db341ed99d68817e7f8b2ccdf136b0b5bd1b27392250f64ba4807ed143f868674b748275aec3f33a9ebbfe321fbdfb554c6b489394d56216adf8698f832b2f727af41e4a972c66e718b3e6fa0b9f23b8c0723125cbfb313855e75863105260dbba633940d0296996b25ccc2fea706aca2c656b3444294d5b2d90d292a5394a280412a555c75a52544dcb8387c72cd71b40309d4c984ea6782fc8f382d57add3104a06d3d49e741c954c03885ce7ad8e029f2acbbb50794ca3a73758b0b02a940e994100483c1205e3174c295e73f45b39972f4e42e2fbdf6539c1ede234b125ae758cccf198e2fd1eb0f190cc61062932e4d33eacdbae343699ab68943888e701d440a218d5690f2823d2a36ec5628ed59af562ca747d106db56513724e24617bc436bc572b1a2358e61bf60676b804a52908aaa8ad8120168ad8853fd088d6f9a0db3c51abc43e92cda6865448c5817936b13ad514a91a62ab2ed42e492d7eb15c13bb6b6b6393dbacf6cfa98dee81252496ebff463d4cd9a9307dfe1d64b3f4e92e60491c7a9b7f7a4594a10816a534565aa90381b1d18ce4568a94a46a499a2a9e6ccce0f2f5851de91284d9ea5ecededa2b33e8d85cd6a43d6eb511605f8680fb3c6b15e374805795e907748b4e06280449aa5d44d83d449bc686719de89ceece828fb5b2034692259ce278860297b23369b39799ee35dbc84c75c191d834edb96a6ad592ce6ec1fdc6467ff3a655160ea35773efc2e93b307dc78f17358d360da96bc18a3742049527cbbc1db06ad3daa1b76a66986694dcc98511a9544f17f7015b6b960ae571b47631c4992d33686c1781fa5528a5e9f32c9d8de1e93a4192108369b9ac96c49531942704ca70bdab6a66997517d620c4a0a9c0d346d4b91e5046f914292a405ce1bdaba254b8ba896d3195aa7b1dd120469a669ad4369d50935325ad3c6ecabd53ab23b85e6f1c30f78f4e80efb07cf331a5de2ecf490c5fc146f1b5c30ac9b80f331fb45cbc8b5dbac97a4f9a02b845751e02b14797f07190cebe52c42017fd4a4b8ae2dab75cd68d8472941b59a90268ad178801209c3414159a66c361b3eba732f86426c6f93a59af3e91c63635069917ab44e638f47c52e4110792ce83a0a4753b70402699651551b5452e042a0d71bc4665e1e0941de4729b3b1912b6c6d4b9a0f091d6f6567ef262158946869db1a2515f566462d222143a994b21cb06916144ab15eaf099e2e2e01b44c00c5e55b3f4dae05d57286338b8b2bf3101cd5a6c1fb183772f8f05dbcb714799fcb9776f12e82019bd6808c48dad974c1a5835d8c7131592344d778966531af5d0882d0a469340d1679415b5768ade80dc6d4554592409e29ead51a9da6f860582ee7f86eef104f4b171f07a112686a43516e51f6fb14bd114d0b591a799bfdfe38c6ed4a49088acd6645d1df66b59c91a7512b6fda68f3af9b0d2aed636d83f706d356b4dd54e947aea8e9743ef1ced334162d0569de438b06273236d586e17040dbb4cce62b56ab355be36d76778678e7a3874ea7a06407b7225ae47d848f26498fa6310c8629d56613cb04efa9361b62ec541fef0d520432ada94c8d90d171d03a8347e28d8d4c162ff1c1d0f9a42028549293eb6de6f309799163acc6bb16e336e0a3b1b12cc7780c6db341e9e8be87c8f55cce8ec9d2cb58533d05944cff2c2cf5cf3240ffec41fd3bffefff67efbf7e34cbd6f44eecb7dc769f0d9b91aeb22ab3dcf13ca6bbd9be39d3f4666628680870742108d2d5e83f12205dc9811448814614312db239ed4e9b63eb9cf259e92333ec67b75b4e176b47544302c561f6a53a81c2a993ae22f6b7f65aef7adfe7f93d7ff9eafde58fbf7cfbfef2c75f2eaabffcf1ff873ff47fec177efcc31fad1062f2f8e1277cffdffc1354df20ed96d0f7b8ded13b91a22e85e4b3174b9e5daeb977306381e1c5a26152157cf5fdf7d8dd9b339bed30994c5026617ca452ac574bce4e4f79f3c1dbecededa53b4f0c3c7ffa98d39ffd11fee29217a71738a9f9ca2fff2afb77de202f4698ac60b35e90e745c2687435a3f11425339c776c370bfa2edd862f576bf26284d69abe6938fbe08f59bc7ccad9ba85bce07bbffdb7b971f326cd769d14fda6603caa2847256d5db3ddacd026a71c4d3159ce6a79c9e2f2929d831bececedf3ecb38f79fe83dfe7e2ec8217975ba2c9f88dbff3f7b9ffde7b09cce72cd6f510070abd8c289960f0d65a5ebe78860b91b7eebf8db32dced934027ff194b30ffe889727e7ac1bcf5bdff83adffab5df466b706d0332e539103c97170b96ab4beabae6f0c66d0e0e0ef12129e41e3d7cc8fce0067bfb072c8f9f527ff1632e5f9df3f4f81cb17bc8affffdff9ac9287524bef8ec534c5172e7ce1b103daf8e5f2064469409aba9b5a66d7b908a6a345efff7fffdff76fa9fbda8b4563644c16ab9c03a4bae25a10b88200624674c539a21d02224fe24455692e51e54ba108b2b94dc80ee174aa560300951a4905239a4cbfa419ee4a320283052617129194da72c6521939c3245e5aac15c946252a4540869407ac440f0893165f0159309c5fe0de4d91999f68c767698ed1e70151c1f85c0479f702ab1222a95061e03c733783ffcbe34628b21b07b7487cdcd7b4491b1e99ea3c763a60381db059ba0a8c10f51790e82c4ab40882625e3c638b4c3d3fdf30a545f8ca7602acaaca6755bcae90c9d6982b304c110603ba4fb0a3f24e30a42b478dc006e8430a4c52ba9507941202507182531654e9e278788101639e82ee230dff0422145d28084c19e7c053d82685febf8935a936586dd831b4893810fe83f07797541e0437af046273ca7b576c856956cd66bd6eb4d227f743d5ddbd1755d5205b63d4dd3d0340d6dd7615da0b36958db37356eb340d1a3f3886b3a9e7ff184aeeff0119c8ff4ced13b3f4cb292192cb1db537aa67329f9d70ef9cf0141b35eb178f9021b9387f3fcf292e5e232899f7d9f82bf954e9da2b4e693009090422503c3c20b589792e9da7ac3e2f4299bcb148fd3b65bba663b40d374a2dcc594bae786f8bf3820fcd307e5126a220cf98c22917e37ab0b5cbbc6798b758ee5f9d9401d4fc44c29755a0442a49461e789c127e87f4c890f7140011213bcb2595eb05d5fd0f72dd128369767ac961729425e0ec1ba037cce8798a04e31809483f8318d78d5d0c97fad4525860594171545314adc0de2155c93e02d2e7409c23fcc5e6d8888e8c8ca02a5b344cff461e85dfa8190e9af81b5f1ea0b1fe2ec7df4d88b17542aa29521978a3c379c3ef99cf5c539461bb4926895347cdac8043792c91ca295c2484966529cc61500580ac1f6e517c8ed3946060a23115dcba39ffd70e8936a94ce5032792794d2433ab240ab4447d099c6980ca30cc61884909c3dfa98b85990a9486104bedef2e8e71fa4d8456d061f584e96651863d026c7981c956529d142eb748c0f7672add36eb479f504490a702f946471fa8aaeadd3073f7c7d72a0fd893f975da04c86d0a9979bf22b13c3dbf61dedf90b840f10228516c466cbcb470fd39f455ce7a044c400df4c39f36a301b22045227dbba52afb9a8e20007964aa6634bcaebe0711f18d29353247510114f0aee7411b436549329ca28244940ce35755dfe3916587a93c5f0c177f516bf3c6134dd013da2e97b84103475cfd9cb1703d539e283c7873ebd8d3e4d1484480111e9ad4b274a0881cef674eb15655f7370e73ee5688e8e8e2ad79c3f7bc2d9d34774b6c7058f753d6d53d3773dced9140aa2528a0703f5472831c86bd6b0b9e0cefdf718cff61031e93c8fbff894b397cf869ca864ad973299b8d30b31fcff21cf531b332c62899486bede52fa9ae97894b8e832a33e3fe5d5e32f920a78682ba7d590b62fa992f9474a8912f23a7bca2889d419f5c52b4cb7a1aaa629ee1b819282b3270fe9da2dd280ce349931281107516b22e7a767991ac1f2faf313af57a85f191f4348ea7fa9202a8defd328297181d3e25290725b62a2bf8618d29f110217c1c7b478e290701043bcfebb7d48d4c31002322b08e31d9acbe79c9d5ff26ae3d8343da6c8184de7e9b80829add6b964f775ce616d9f4226e215e83079f3b432c9b9e06c722974356767279c6c7b3a1728ab0442ed9a2d79a19026274481b5fd20364beef8abda6c585ae9e8eb3b366d876fb79c9c9c70d97603166ed829bc4d991661e0e0488923125d9a8a8798b8c688a1ee1bf4ab8bb3139ace21458975e7b8e8d83a38bf38e7cd21112e06ff2597dd7bbc0da46f7f605784986acd90e28efbd5250297d25bbcc35a870f92d57acd76bd6132191112611f3f7cbd3e78444cdf7b18525eaed652f8ff2451ff4f6e290c01644559a6c9750a674eb91543112864e26fca98ea196220c6a452f657bc78e7f0be4fbb8b1f2451cee29cc53b97b4f703ef5dc4881bdfe4d92a243b5def1045c6777fe3d7d9bd7983ae6b717d9782b1db2efdd9bea36b3aac75589f42447a1be887db174426f31df2bb5fe1e5a266d559d67587c832bef79bbfcd6477977ad30e02bc0e673b8414e8ac40a92c45c20fb7383b8804adb5cc76f7298e1ef0c9e3e7acda8655db72b1ad79f39bbfc06cf788b6ede8fb646376ded1f51db6b3e9ebb40e6b2d5ddfe16cba68589f60906634e674b1e6f9d327bc5a6e7979b925989c3b6fbe0321696c9cef87459b4c262e387c7084c035d2ddfb8877a93632f37dced63da7170b166dc7c9b6e7e9bae1d6bb5f65341d616d9f2691f1aa3449db4ac2b38a61d1c7eb70a618e2ebed54c3bac298c43fac7d2048402aa48a446ce25d47411f9348a37181323084b825b60e83345e0891025486b330225256d000684ab87950aea1ca254d51309978425ed0b71dd10fc19c030f3b8874e34c114357c0b0946873f54f88c38e106134db65ffad77b0ee63a4d6dcfbea3778e3fe036cd7508e6b8aaa4af98f2add968410c4eb641c3104750e85f6906ff9e6fb5fc7371b9e7ff45384aa319329b7efdc4dce683f7cff317dc0a95e897c491118728f4825458ca9c6dc3dbac3fd5ffc2f78f4fddfa5b08e9956fcd2dffcbb1cdd7d6388771d22b009d78b205ee77c270e770c434d24d2ceb577709bcdbbdfe6e5cfbe8f3419ca58befdb5aff28deffe620ab38a698f13435512ae168d4820cf10af0fc32118f52fb0a8d2b5352672a0f02014562487b6f591aeb7942a71938c10148aa4981d3e8c385c45dde0b1486f91c7d984e3bf52b61144d20cd99efae204631b1a02dbba6573b9e162f1c7e8b2e2de3bdf400a85f5a00716480cc3521a903e3ea4ac26efd3cea394667176c2cb0fbe4fb7a979b56c685dcfd91ffe019ffcfc677ce7d77f0b65522b420841dbd51c7ffc396767672c574b9c731893b4dd2104f2dcf0eefb39de473ef9fdff27f562416f03d6592e9ebfe0dfffeb7fce6fff57ff2dbb7b7b44e7ae7508297640a64c19c07a476f5d22c886848d8cc0f9f3277cf287ff03edb665db3beadef2fbfff65f538dc61cde38c2f70952186324f840dbf5832b35a45b5b4c658bb596ba6db0cef1e2d147bcfce00f12aabb7738ebf9e0cf7e441f04bff41bbf912e507e608f0e3a7b1702664041f1a5bbe43a3de0b516d555868ad686bc2c6884422805a2bd0e7307491f242e46329da4ca46a901659916515a3c0ee7025a8714b3321c93ea6ae109202492b4194dd0fe1039d16cb62d88866a77c67c7797181c518aa14fe3ae8b7d1fc390149b0a6b21af12f0d2f13c9aedb27ffb0d44bd62345e72b9b8a4ee3447f7ef73b158f2f9675f80109c9d9ed2772d799ee3bc4fb128220ee9d9fd202192fce1efff41aadda44cb98531921b43a93477f66f1245bad62b3564d6c49451a38cc6e8e455d432112b8d295288864fcf697e70c4d15befd1bc7c44b535ac976bdef8e677b871eb0dbc6daf79aa029247200cf45dd267a5a4c60b3f182dd26933da3964b47b03ed6cca350d96ca086edeb9958ef6be1f443362087d0cd797a0218063606fa51b50f80bef5402723db0f56c8f171227c10b4de706d29094cc47059991e4d23313213decbea3ddae865c564f939528a5e86dcf72b5a4a96bc6ab25cb8b258840536f39bfb824d65b5ccc59d9408740f58ed5624510e93abf592794a7528a7ab344c88c6234472b43bd6dd86ed66cb71b5ebd7845d3b4ac375b3697e778efd9767daabd9ce5a33ffa41faf0d32a4d47b652acb6dbd4e3198ed41012295c0cd7799f70c2e499c13937a896045b1ff9f0a38ff9ecf3470821a9aa8237dfb8c3743663ef609fbdbd3df23275f8bbbea7b72ef5d986057c9507d47696a6e9e95dc0460852d0751d7ddf106c0f31b9649c73d8b6c3798b200507f4de63bda7b71e6f3dce7a9c089c2e6b2a11a8db96c606a2520897126a5cdfe15c47df69ba7a4bdb36d8ae21388b00ea2c4bbd29995e88ffd4f1f71f55297cf8e187e731c6ddb6ebf9e37ffb4fb9f8e2e7102cedb62638cbab45cbd9b627cb74e2d53b411069cbf13e91e58829b1139792ede4d04a889174131a705fce5b641043232ed54d443f6cb40a2f53b20dc10fbb60fabbbd77d7f88b14d82b6954491353c2f166dbd0f70e6df4f58350223548834f1c7dc955ad04796628f21ceb1c75dd824cd9dba9ce189457831d745b37482128ab8a180275d3608ca12a8b21c4384520427aeb1391c630cb0d73133178820bd7f6767da53e13c38e3f4489a4f68d1ffcac0229aeeac8a1281f9ad14aa4ce652081cb9548c4f71053d35acb212669c8415042105ca00b2eed9842a5e742204635e4100f4684d4ec4bdec70052ca8b7ff3a34ff6fef35b0a435abd40224c9ed6884b5775179327f5cece18a953ea85eb7dca828b911053b6c85593330c479c5009901963a2075c05b74455a6ab6cf0f890c6175aa6c6e6ce38635219969b96b64fd0d0ab7e9516299afbd2699ead1a7ae7e8dc1aebc3101221c8f32cd5087ec891138987eb80ae6941083263304ad17549b0aa5412dff7d6e284bf4e5f75d6a7dca8b64f09d1da60fb3e4167f21c11531e9e139e181373dc794f660c4d9b600c4b63b81855182929b5662757ece549432a10a8ab00d3e18e134384a8afc5b257b9c288888ce94575c3ad4a0f4118420e41150386edfa7233b445108232cf1082c488196eee0cb913c18794b61645e2690d3dc6a8c4106aff9a35d5550cae54029d176981c441422d253acbd36e2415217a7cec5361346464117dda710620ea551660184261e52051570ce38b18b1e9954810d561496fdb94101291482d53e715813482886469058f967542750fe6c9dc187ac05a472092e9440e0ac12792be4dad8622cfae77301f22caa4f2df0d21f54aa51726058cb9b473b884da0d2185a631e4204b126238e5ad723d73d35ae36320cf7222695e1a7ca4b13d4d17a96dc636186e959a4aa5b14b10290a7d48f24c57fba129e987b01f1d532a9d1b7aa022423d98ba32a31874d208a986d8958846d1c780f491d677d7c90261c07086906ecb292227759b329d6eebca68b404db3a3aebfe022d05525c557a640a81468830c0524dfa2063486f6d5e10a44b11c83a6545c421c920fa808a017d5d44a70716d39d3f457ca611f0d03c4b6f2c426203c8d843bc2a1653a4a7f0b08992871735322b51d2639b1a29059d4bbd2021047ddbe3b4bf7e43af339f877e4e5a5471088d93d7630aa15462bd92e652525e0d5c2321b834aa0a6911689d2e057268bcc6908e7637d872ac73645aa3b54610e99d1d2e42b0ed3a5ae738df6a6e8e336e14122dc00586c8b0e1c9c4abd0038510113b24b9c4108776cc900c2852b29e1043ef50a4389fab364c26d349c130d0d64a71d5db1ceca8a9cd13d3cbd42b9906cbdee39dc42949e7e46b2eaa986e709134fab03ea29524d8747eb76dc793b325995698615423497ed2d43a8843905b0a71130c9162f1cb0943200e1ff050140f4357377477af1e461c168356095d9f1a7082575e23b39ca6d912224cc6e3010f58a64eb894e8acc2b90ee75cea3e07ffe50289f19a949c86b3a9c32d108821405d0cdf7ff26dc5ebae7d18fe9c5632bd202ef1b391a0743aa2a488747d6a2b5821d20b11af5ea4ab84569d7642e1a97bcf2bd7630448c2f5984c22b99accc460f171389286baf46a4c1da24ce5c4f075c608ee9abf1dd2986df8bd57f561bcd647a45a515c3d977835078cc37c37ed58e12fd2fc4c8a10c9fa7cc58ba74f53e871db83b308a9d1467163362644c9939373d69d438948a6d4e07563b0240cd99983ff4d0f04fa30ac3025e5b04da7052542240b11297cea3bc5abf9984249d032e282e4c556d212878215e6f319c147269309ebf5f64b17a5b740c2d27a0422fcf9233e5921ae6e34e26a77566986a6a4c2c5d4f3d22a3d702d256268164a910ae920c028851d323b673a729009049a7315399739edd099efadc51843361ca17d6f51432ba68f911ba54e0bcf0b9449ad0731a079631c32007d485fb310c8a1e643c8613c12703185c9fb20303129207adbe3422053ea7a8c25aeeaa3305c408848adb89aee05045aa419a2430c17ae54a3bdde4e2504de0526d32977dfbccfb31f3f23fa40e76c2aa66d4013294bcdad9d8a3ff8e405bd8feccfa764d3094208a6aa23cf025ecdd0458a2c88ded3f91e3b88fdf222633a9b26063bb0b93ce1dd19ecec1df1f8e9331e1d9f73d1786e3d780ba1142e0a369b0dae59625d83ed3af6f6f729334dd75b241135a9d24d31062e6bd8b6a996513122b27c28f47d4a18d10689a050829c745458245b3fe4b64bd0b2c4012315d140e7032e78d60e7ae712f3c606eeef8c981ac9ad9d8a4926892e35389f9caff96cd9b2764096a78b834b110f210c262e6b09d1e0e737f8a5770e39dcbbcdf1a3cff8f0e3cfd816738ede7a4074a9a68a832fb3695b569b0dde439669f676e72821e97da06dd7ac172b46e3097bf319bb72cbac98f1e8d3cf78faf284be9af2eed7bf911cb56dc3627949558d29f392b6d9b25c6f092132aa722693f1f5ae2648b7d2d71e28a79b7b20cb4c826aac37686928b444044714e9aa9e4b4da987dc084dba260b89d0865125d14581a9a6b8006dd7d1db04f7f0c1539625f3f91e795e62bd23b41b9cdf727e7ec1e5a6c17b4f59164c66bb6899f25e37eb7a40872a6edcb9cb6679c6f92670776fc2ede908a3255dd7d2d61d7ab762361e91d1d3d51bb63d34a8748527059e64b9469110eb2ea6bac5648632d32c570b96ab864c299081a6775c6c03adf3643eb2974b0e479abdc9882004d60676c639855628add0ca70e36097af6d6b1e9f5cf270d9f164d5d13b4b95554842da51431a88db3e301acf30d1129a154a4666b329bbbb0743bd1dafc729ebf50ae75393392f3276770f9052e1bc63b1d46ceb8eb2aad8ddd9672f4a0a046569a8728dc935d3e994a21ab359af09313099cca9ca92cd26230e9aa93cd34ca7b3a1964d3298f8ba2a8554730c053531c505669a183b081125022244bc08f8e0302a6294a4329aed50244a292932c364bec368f7164164d4f586c5e5d930eb8a1cdebccfdb5fff2e04d86eced1dd92b8deb25cd7ac166b9ad6526f2eb8716fc31b5ff9264f1f3d66b5dc60f29c1cb8bc38215acb8de998efdcd9e1d6ce84f16c8288e0d1d72d847c3422ca921060b3de607b8b50e9cd0bb6c7757dca8a73fd97b3c5e038d89b63bb9ee0ba41ba11f104f01e111306c3fb74a38c219219930adbe1b9bbe892047732e2bd51c5c1e58ac98b4b3e5b3b7a9f901e4aa60fcb8748dd3a2e2f379cad9f7371d1d0f502d57aa63b47281171aebb1e1ff6d6a1b335c13baaf18c5b6f3c20cb4b9aed1aef1f727e76ca787a83c3a337597dfe92e357af383f5fe182c46e6b82b58cc6157ddf61b4663c1e538d27c311dd228462bab3cbe1d16db2a2400845fad6fbd72fd419ea0621b334f2500211e400954b5aa91848759148217e95863a750f8802b22c27d71111bbf4019be4088f21a095a29a8c29b2028423c482f2e01ed5d17ddc173fa25c6d6945c72f7ee71778f0fe37b9bcb8e4f34f3fa32c32ea8b4bd675c7e1c4f0777ee96bb49b865ff9ced7191feca75682bbbaa94950192a4bed83aeeec9f2317dbba1ef5a4288886a44f4166ffd00c0b24934683b9c6bf1799fc64d246970f02e25497b9be814d6a255ba6884eb8b40bab15997da1cca18b414dcba73c8defe9cd167c7fce0e50a95e7e9a6e62c42494ecfce385eecf1c658629da516926f7ef3bbeceeeed1b52bbc1dfa7431a08d2433022f35655150966394d104d761869190d2916abe4f7bf000ce4ee97ccfda79deff85efb27ff326b9ce305aa2334396e7145986d12609134d4e5e969465853259ea1186d4a57fcd9d2a7e29a823d9fb45f0a4e7258799964fcdb861aa2fa21f22cad3feac7541968fa8aa129d65b44213f1094359144024371959966663222be872893a7fc4ee6442335f22097cf6677fc4743a23887c181d4594c99855f00f7eeddbbc7fef90835bb7aec4db145989b38eaebde27206848f64b9415492d846a4d945aa2dbd7744d71394415edd6a646a0c2a63105b0fca11bc4346919a945222c27063f4694423020899149f0c1708e7230150835a42f8d418ee82643a1e91eb2d5d8c4886e8e4086d6f3939bbe07635673c2dd9713d4f7ff627dcba7527a1a9867688886220a31810913ccb3026456e396d92164c4b8cce5012daf3c7b4eb05a3a220868ed32f3ee7de5bf7c9f20ca9521fcf28851e047fc6688c312895783e994e6da5a09216fe352d5aa93b95fa3a090b25844a93763d34e552ba6a62600da449ad7412ef89949363724d9ee5e4594669f2240936196690d41aad303a472a93aecfed2522f4a87c820c021103b6f79cbd7a890f81d168448c896872b03fe7f6dddbdcbcff1e66bc034ae3a3009d86a07270b0d8bea7ad37746d8db51dc1b5f8bec10787f07d924067054ac4745b0c9668bb441b5772e8d7a55d28c400b623d836d53757ff0c3daeabdcfa18e2a0f04ca391e03c6d70acb60dc7672b1e2fb678aee2a0b91e3d2104fbf33937f68f2824144ab3393ee6f4c5a3419a6cc8f38c2c4b606f3504009b3c232b92062c854a298c2990d2d09d3f66c7046ebcf115b2a2406b457379c2d3cf3e469a74ab365a9115253a2fd242920a29137736cbb22479d6a9492ae35f40a51021c96201ebfbb4f5bbe4628134ce905a629448f6a3189122a088c82807f05b419e1b742e21ea94a0ae923e3be14f354aa522a6978a200ca5f2ac374fa997e7749d2010181505522443864a30576288344e60754e6e248599e36c4bb01693096c6707d4b34837adbec7d940b0a93016d613ba1adbd5c86c4d40127d5a14520aa273449bf2789590089311499382e052da4532eb28a4f00421882ecde384bc6a4c0e9544f4b82eb0dc763c5b6c79b5b1b898d0896957d729d6da074ecf2fd84e3ab6170b565b4f4dba28111c72f0bb5cb503e4d0d157daa0af5f66398c5622def71825a84619ae3e45fb1a1135920c6d0c7ad08ba53fe393265d8a74c9c8f2b4d30dca9344677669e6fa5a8b6a682b48a986d0cd92e82d21328c51e430e0bdaaa9649aaf4509520eee0b3588d114466b90061b40751aad1456260fa0948210d3c371a6a2f52084264a49ef3ab2a2e0f0ee3d7a2f10c1626460342a59d52d3ff9f87326938a77de7b27dd589d45652960466a8d2972bc7569e79272d885025a6b30397da6d14ad36c3708a3c9ab92d0b7d8b6211031a3295988b87e430836d55e228d940a2d07a666c0478740d06307a65e5a20425ef53a53efcb7bb8d8d66c9a342649bd3b99e4ca212289ac9a1e6f760952b1b52d87f7ef73e3ce5da24839792a8a945f13404a4d88e982307447d3f13350139592e8e94de2e6194208d6db8eb38d45561537eedc43c8e4fad1ca2462a44cb226357c2e42c4a1119c2e1f428a6b6dd57fbe9b26899151425156e361a4218723268551f8084a42ae0566783bb51669a5ca81923fccd6b40463c09864f341a4e3496b936a832107301bed20e77793e82c4aac17ecec1f7270e3164a49daaec763984ea6cca7139e1e9ff0f38f3e617571813219593922c480eb1a90a08b1c539668938334c86a8618ef11b2096a7e13393a241473a2347475839e1ca046fb4499e31c44552146bb780cc88a100aac3378998399e1d59860464433a18f86a053144c9617e455c248052fd26d581bf66723e6793e8c30c535763cc59326efe26adbd13a4139cad199e1ad77be9a603f570e1a25afe792e9fe24927942264dbd9069d6aa0688503ed9c15737f00eac85ce796ebff926bb7bfba9de9411a545da1cd497143b2d5552c10e0b545ca565beeef177b5ea1191ac28c94753bab64e6f86ef504261cc30771ac61c0a99b453242987561a75eda45164526154d2b92ba9d032d97d92e527cdabb23c6372f32d4ecfbe605c952ceb9edd83c321cc6d97d1789a764ca1124d93840f2e4753a432745d033e8d469acd96d5a6a50f0a217384ced2bccca71d56870ded6681ed5aa2506cdb2d72b96434aa20063697a7acb61be647b7e8bdc0b50d819eda3b7aeb596c2e59357df218f63dbd0d4409854c897c652e79637f4235aad2cdb30f14a5e117debdc965dbf26c9ddc42460f1308916ecdf3d984bc1cb394e91636d9dd1f0492a946944210651882f0128dca980ca9357110db092910520f31f639e5648f851214a5a1b2913b6fbc45961710d2a9a3d4e07b14e985577a9021c9a4aa9503a02e0ce2c4d75f5457e31491a249859049d71441aaabf950a28e2b25e812388abede4031466b83c7105120c1283124288bebf0baf4cd5c1d7f69f179a1686245d4058105de07941e8a7b2959ae6bca6a8cce325667c7bcf5c62f339bcf69db44577ff9f28cdff90f3fe08bb30d9bed066b7beaae4f96adae2546988d727626634645c6de64ccbc2ac884c09e1d5364b7e95c97c62a5dcbd34d4de77a569b2567172b4e1acbcb4d47dddb01cafba5d326d30a2353d7590ac10f1e9fb25b6abef6e62ddebcb94fb08e6951f0f7bffb3efffacf3ee6796dd3bb2b06c78d75481171ced37949e71ccd764bf41e6b2dc1a724c338cce2e4f0b9686312de2c84ebfa2765f1263b9843b169255614583a3cf2cb21b51008910fc75f2a5de4908fa0b549e8eaab8bb1b08382e4355b0a7110d409527a17d743e0e47c8d71108c453108f8037df0d8de921722d9b8aedb135772e3e1bc5612e1d20e27a24a1622a9e816a75c7cf103ac576cdb16210d1ffef8478c6733defff65fa5b50e54860f9e6d5d9369c383b7df4a594de7173c79fc941ffcf463d66dcf5ffb85af33a90a36f596d5c525e767a7ac16179c9c5fd2b41b9ad31532cf586e32d4ce84bb77ee72efee3eb39d193a5a7468d92c2f39bd3ce3d5f98af3d5964d672106f644649e2926d329bbbb7b948542c590c0c952901b45b08ef5a6c5bac0c9d982b6ebb97fe706e32ca3c833be7bff36271f3cba9e430a25115eb0d9d4b49b0dd8969112fcd9bfff974ca613e6bb7bd8e88701f860028d49e22b556234c461089ebc9412502c4f9ef1f84f7f97172717f8189815191f7dff772973b8fdc67b838447a2ae397e83f4e9fa281ca68a83f5fd3f059fd2ffbf1a0aa9204b027b250c36a6a1b1149a36da41c39c0af32855725d0c0b2d338adc18a416c3c24a464c6d5246c495b1545e69ae421294953b071cddff5ff0f4fbff02f3f2054ddbf2adbffaab7ce7977f8bcd660378ea7a85cb73aa72846c2c048f14115d16ccf766fcfdbff75b4c7676f8e8fbff23172f5fb0ec251f7c7eccb3b560b3da60bb8651963357821825add364d51ed3f99c9d59c1741ce85f9dd2fa0db81afa96b1845a2b9c4f710a66b4c3e57a05f3db3c6c47ac5e9d7179f273cabc4011a9f28cbd4cf1e070cc9b6f1cb05ca468066f2d560a8aaae4dedd1bcc3e7bcec2a5244ee75250daad3bb7a8bb8697e74b36a2e497fed63f60b67340df6ef0dea213cf20b9fc64da918c1a0a9118bf9410c9a4a055794579701bffc5675c2ed6ac6ce4dd6f7d8bf1747fb84b06a4d083db5922b9ea3d32fcaf1c9817e9a6185fd7f717aea7f622c945ca0a4c994c06f841779e6e1a2282190652210608a4ed58a768f7c1d174bd5b491989f8b41ef5d59b908ec4b6a979fcc7ff06d7364c66530e77a73cfce99ff2f31fff09d3d99cb7ef3fa0cc2768a1e9bb2dc5684c359920846432dfe1c6d121b9513cfcfddfe5f874cb3fffb7dfe757fffa3fe0bffd5ffeafa17e49bf7a85f696a3c303debaf706444151ec309b1f224586b38e502fd11e687a7cdd606240e22965645e48b69b158bf3336e1cdce4dd3bb779f76645655f7134a9d8af721edc38e4a8cce843e0cf9e9cf2830f1ea1442057609b358880169a6a3c62773a1a0cd081ca688e727837acb8a50dbff257bec6dd79ceab871fa423560ecacc417e923a89e946161049be1ce260d18a830a54926525461b8aaa6277b6c3cea824f41d26cf075c743206fb60f13ed9bb94104814c17f29654a7ecef8ff15eafb3f79a7ba5a543e784c31212f666ce253400f76a090b43a5744f56b0d7a5a44c698c12b178637201de05a28b40485244a8d400fc2b061d75bbf621a9774e598d39333acf3d475cfab879ff10fbff526efff9523be78eb061f7efa057ffce9637c54689d27cd53b34d8173d653ed1ff1bd77f6f8cdbff53779f9e8118b9335fff06ffe1d9a7acbe993cfa1eb304a72fb3bdf65bc7bc06cef909bd3969d69459615886c8329c628b926c68eb1d1c4c2d3a1d9dddd4dc17cd2c2c9e7ec12f995bb3bc430bef621eaf92435278da6aa0a700e4120379a4c088204a3327647391f9f5cf29db7dee0bb6fec126da0a91dcf9f9fd39e7eceeed1988f3efd390f8f6ef3e0fdaf1383454a958832571c0a92da554b8595ee9a8a2386ecdef5a33fe1205e12df78c0e79f7f84118ae6e9e77cf82719dff9cdbf31e8d1155ae54320c4e09a194eaa745b072fc2a0ea7dcde36fbb5e0d9c6c83b39e207552344a0522a9054448000e2f9286ca47014a217524cb0c4278a248fda9281452045029344fc8e4a0bd2a34454c732531bbc5d96acbab8f7fc8d9e59ae36583198d78ef3bdf65f5d33fe5fcf9055ff9c7ff2b7ee5bffc2ddefedddfe39ffeb3ffc7604a484566e81a5cb3a19a4d88d1b33a394101250d7d6c29aa82bd6f7e8768fba4c82c0b76e62376ab9ef9ce0c29350e813039322fa8a653565d0fd1b33bce09585c74c8dc20ab02749532618c4112e9da14352794c4b990904bc1114c44ab1c2d34e804e3f0215228cd4e5931cf35dde582d168443e36d86d86b6a314e0fac6dbdc78e32dfa6e43f01e2534dea5a0c324a2540391265e0b0052ad9a7ead53235e3cfa3ecf9f9ff1f4a2e674db13a5e2fefe9d41f39f24cbce75c9e2c6953eeb0a7324af9da431a6c490d7d4a84beacd86d3e3275832d6172f71de2715a0944429d30c2aa4b3ddc7e4434b494a297a4544499ae8b8b42d93a0155a4ab40411c3f06688a1e0079d65bcf58d5f265791f2c94346a34b76df7c9b9b6fbc8b796599e803a208d4e7cf1815822233f46d8f98cb2463a952b074df06a29058e7e883c24c0f9896166b235a698a525355133481c23846931c41a05b2e87146e87578aac1a339d366cd7abd459d629de5800263a8cee5354554878a15151a2b4410cee61ad55324df4ddb5745908701ed64d83528a22d3d87a4b90193ad36895311e95f467174c2ac3cefbef331acdf0fd36a92e07f8c8974ea8ab53c2a7636ff8f9e4320a1cbdfb5d660777d8fe0fff946dff1453567cf7b77e9b7bf7df267a3fdceae46000be3294a663d60f6a5931b869129cee356f7f4539be8e04a54be191572b360e72c7281441a8742b8c31a5ec0e0a06359cf5890caeae676312853283de5cb881a8c2f5a8607bf192d33ffd57749de7f4f49ccb75c3c33ff823ac17dcffbbbfcdac3865b4b3cbcb9f7e1ff3fc197ff517fe4a1a620790a6241fed207585f792be07e73c990d34db863c46b075baa5d91ed9adc9ab8ce9fe0e5951d12ecf4169b6974b364d43d039aa94ece89cac5cb2592e89526132979aba4ae1bd4bf1f5434357a882186d52760c9df610220285f716690cd214f8c13a65bda3cc240fee1cf2e2a347d475c7a4aaa88a8cc9a4e4f3b6e3c5bffb77fcadffd94da6d3c94011488dcf2bc9b0121263f2b45b8b70bd38100a1f052f3ffa63369f7d9f7eb34d019b38feecdffe0becafff35deffd6f7ae6b5da5f4b5a4580a31cc3c871ba01004e1fe9c67eb3516d5e2e204eb5256a2eb1b84efc97343b082e803013f24e3252db61a168e328a4ca73e162231b7ae686c83dc3bd55457cdbb28060db622fac064ff26f7dffbdff0f00ffe39cbe596c56ac37b5fff2abff2db7f9b6772c4fbefecf2f8f77f8fcb17cff9fa7ff55f7357685c485e41a50c262bd0b9a56f6a62e84125b25e8c91681b5019aeeb603c4199122ba06d3c828ee9edfb2c2f36685d23ba8748568450d334978408d5de21ed7a8ddd76acb75b94aa19cf6658032a46b49104df0d1fea60ed72109c474945488d3d944a61a15951f1cdaf7d8def29cfd9e347742eb23dbea0abb6dcbc75483d9fb338b9e06ffc37ff98ddfd7db69bcbd4dc940391e7ea32a535e8d40c4e42be30780cd20d707ee72bf8ed19e2eccf58d52d2f175b6ebdfd0eb7efbf976cf943f815d798a0a1ad1005089d765e8021934ec4d72cd4e7bb0748213838bcc9d3479f726a926d47294354112f92749710f1431f8ae871b1a38f193d123f9cf728c1756341a421b5d1578db53c15eccaa1744688a966dbd93ba2d95a56eb357966305985369a6eb964f9fc152fbf78cadea78f79eb17bfc3e5c5ea9aab29077b76701e9f07a21d54031a5cccb041e1b5a45fad58bffc80acac78f0f7ff1eab93a71c7ff6538ede7a97c5b36356f505fdb6a55d9cb0deacf9f4e5099b6dcd7b370fb87138c78cc71c3f7e4a53b74c773de3f90e4138a436c83890579cc7f53d21241dba2a72026a603214498a2c02be6de9965b94f21485616f7f82d99bd35e5ea618726930f998ac6ff0d622a541c46ed0550d12dfc15113211dc7835b86e031e5885b0fbe896a1b5af711217ade79709fb22c0690c7e0a08b3e790c495a7b64122a7ae7515220a41f8842afd951577ad8427d189cc3597acb4802a1900d827c11927d4a044494b836e054c0fa482015e08214f3448c83b131b515a44ab3c42ba89847109ca5d95ca0a56036ad188f0aead592aea9d17a4633dde19dbff6ebdcfba5bf82dd2c885d4339aa52577ae8080b640ad7f00e423f346a33ba7a43b3b8a45d9db378f514aa1df6ee7e85938f7fc81ffd5fff8ffcde8f1ff1cd5fff4d7ef5377f81b83ee3f8e933969b0d978b2d4a1b6490fce0d3a7cc9fbce468774a99272fdfe9e929756799edcc30264b3bb64e3b7aead0296c0c08eb91c6a49ac8f5789b7451ebc525f7ee1f91150f585eac09e588389d62d66ba2ed595f9c7074f3ce356a3171a486fa1631d0ffb26bc9af88e14bf2cde05becb61bda26014b8c84f5e22c61a0065f60baa1ab54475987778e1005260a102ae1a3822244897ddd425d8ae1dc96029357e8a24a362c25f1410dd02e50510e320c895021f5a07c929778977a5ac9ea951caf2a8252119d188fc490dc2e41c4a49d7296d5e933c6ae26ba963ccbd8ae2e79f6c5c7bcffad5fe4d317973c8b965ffbf6d7f02e314495d1b8f8a57dbdef2c5ddf236472f2f47d9f549d31e5db6f561764b31bdc7af73d8ab8e5f274c33bbff137b9f9bd2dd9ce011f3edff2a21971ae0fc96ebd49519db13a798e33199399623a2e1045726d1b096654b25c6e70deb177b88f4623fcd02f420e47613aa65defb0218d9d8452c8d8319f5404a9687b87b9750f9f1bece21ce1233a789e7dfe73deb8fffe407a4936753ff4a488f15a5315a3c09376af48ea920b247d5be357e7c460c9158cf29cd5c92b36eb2de3c914db35a410f50229059bf539d686e4a734791a9329331853c3207f7a4d91de7501a733a4362895a74498e08961d874c5157f265d618d961485222b35dac8a1e6125f7ae9421ca828030a70b076079fa68876738e3bfd84f2e02b74e690e82c22449e7dfc33b6ab0b888e4f9e3de7777ef42917b5a31c4f927d4aa5c1b60f1e94242b4b4c962723a8001106d4e3668dd786837bf7c875c0c580539a8d2891b39b9c2f7b5ebe3aa1de5c9267922ccb181fdee5f0d65d0e77a78c66136256b00992731b5938c96503d6943cdd76fcfcc92bb67d02dd3ad7e36c8ac776ded2bb0ea553098150c4e8e99a868bcb3561e72d46bff68f3077df47d8166d72948e9455cec5d32f38397e94e071c3b0dc0f217e71e87a27cd56e23224adab4f59bd31525fbc00b7219fde404845992bbacd0567af9e814c624a414a2a0bc3111a01677bda66830d76a889fdf5e8ee2fe0508e43bc639116950695a56df0ea1bb81a0744222e8075200b85923191914591de9a18124c390a9400a3426a2b0c0b2e3d9594e164db86e71ffd1ec74f5ff06cd9b36d7ae262c176bb41289d92afbb969f3e3ae6079f3c66bb3ce7db5ff92a6fbef946fae6a3e7fa561062523578cbb34f3ee4f1cb577ce3affe06d56c44d76e59370ead2b143dc15b764623c2a8a2090ded7685ec2ed04a726937642122b20c992994d178e7596c5b2ca9ef36ab329ac6f29347c7bcffd66d2a146a009f85906e8b7ddf838964b9a4693a0e7ff1af33bff735dacd3a7d80db730a33c88b7a87b791be6d387df198d1f8ab78ef91d2e27c3fd44057065e4f083a31a6927f7db8fc389ac533d85e7079deb25dd7ac1bc766db737176c6bd77ae4074011f6ce28bc544652604a2b7449f3c98577d9fe4a57c5d37cd208f0dc163bbed95357418c70c88e641082a44d256051f702e8d6ad20e3d389d87fe461061006508848a03aa270c8ac20e33d9c1b9073cfcd17fe0c9c99ac5a6c613f9cebb5f6532dda3691b745e2254863105d147ba001f3e7cc41bf7eea6f9a394081f7029cf178fe0f1670ff9e8f133bef79bff053bbb334ca1d9bb75c451df71fcd1cf78f1c5234e9e1fb3ddf6f42150373d8bba615dafb183fa536b898c0217a08b0e110365aed9db99d1798fd09a6a32e6e26cc1f9a6a7981942df8088389192ca8d31497e1dd30920b2315d53e30705a98b92faf22517afce79f4f28ce38b96ce647ca39a10078465f001df5adcb62608b0dd18dfb5c941e40667904dad0ca924ba3c6473fa8417cf1ef2e874c3aab10421f8f6eee1753b4878779dff1a06f67bcac94e749d30ec5001865aee35011d577d9018210ee0fb1015dea5ee6de28347b003704c4aa44e83e5b6edb15d97401d0c2b3c42f06280d25ff9f7bf84167a9b2e0577bff1eb88d0633efc092f5e9d32bf799b07ef7f8b28c53537f40a26110622c9abf33396ab2df3d978e8340f37a2e0595f5e707e7181ca0cb9b63cfcd99f71797a4cb7bc84da938fe66c6bcbe5d905ebed96e56a4b47d25dadfa163bf0c565845c67e42647eb82c6f52c37962f56af080266a5625e15696ca4159bce53c82c71cea3032d50c693e98cbadde2ca09411703d925e0a347efbd45dd074cfd63aa6ac55eb5cbaffebdff8e71a968360b62f41801de76493b169369d53b972618de61fb96a6de629d43888ae9ad7760f7808bd53f63dd3ec78b866ffed2af72f3d66d9ceb21846b528c88d7adf3e4cd7489f277b5a888e24b7ce36b91f4b8a29a0caa3f99b437516a942e8974b841a9e0d3e68436151a830f09b4a1b51c46315c5f8113e9577c494de18a029374e55f7cf0073cfbf8273c3f5f71beae79b6f884fdbb1ff0adeffd4a92d14681341542154899c0149df77cf6e29cef4dc729453046a2888810923f4f6beaf59a7ff1cfff0597970bde78eb01bffd1b7f934229b68b1a2972a4c8699691e5e982ba5980f0785560570bbcdb24f87eb7665baf68bc25ca92281cd627c29f509ac6c36c7f8f599911bb8675d3a4af37d3482fc8d0742eb26c1cab18b82d543aea7cfaf0dacb97d8e38f69db2d756f393dbbe05ffc9ffe77fced7ff88f984e46b8bebf2ed4630869b18a08832c388d5b1caeeff121e05de0d9e71fb0fcf48f79f5fc15e79b86bab1fcc1fff8bbe465c68377bf3a10a393488f613361308eea2c4ffdafeb6a270c8cd5d7f4fdc52b012869b61650e9835292a8142e268bb88a6043c02331d32374dfa14348a2fa6111f9a1508fd763048bc05eb3b9634c0f4a999cdd3b0f88cb27e87c42b0164b64321db3dd9cb3b838e7f4e563f6e6138c381c201289c6b5eae0e959c7cd49aa31bcb3898349448b40352a30d588f7df798fa3fd5df23c8d488c32441ccdf282be3f63bd7ac6f1f1198d7758e792de5da6a80ee71c8db578919ab8455150157952661a4525056d5bb38e81e07a82f369362822b234d4754d97953cde34ec8e76512a4b81d1a4c5958d76c88e6e319b4ff11ed66dcff4f61126cb69d6ab64e2d519ce3982b3c3072caf159b228a34177436792f63607e7897d29e9109857b7a4c740bb29d5da6f35ddc90d2616320f801233460b319a25ac415fd4ca59ad7fbbfc0f177052b95c834c6105740ae5478bb901c1b8eb4688c90a89840548ee4f6b5d6639d234a4ff416192242d8f4f7c65454ba904e506b2dcef5345dc9e96ac362b51e6c4cfe1a17dddb9ecef57436b1d1859403fad913055cb88cedd99a3b234bdfad09b64719852e0c2a2f288a82c9ee14352a595c9cb30e1dc27b9acb735ebe7ccef3e3735e9daea9ad63eb53e880f761c86909145a30529a2ad308ad51c6805604a5f1c8743c47cf6a9d06cb367a26454e7401d75a6eec96f4933962b1410f288ca478084461b03eb25d6ff1db15dbb64b2f644cd29630484fb44bb08f30a08e12586e806ac434af23389c8bf8dcd3f796d572cbb6e992ad5f0a7c6f715d3f109c05c2a7a3337dbf36e1856422e1381f53533a46c210a5f25a78c64f3f7b721e82dff521b25aaff9e99ffc072e9e7c4ab759d2b70ddbf59a17276744956154a283081192ad295e2947876d5486414016083e41c5dc703e2b39ec5c42a591c1b0bdea28e987115088222dcca1d917c4554f2a7e699c936aa0bc45a28b6479c93ffeeffe11b76f1fe1fb8ef566c3c9f982cb554b351e33ae4abc8dac9b9ed57a836fb6cc7776393ad84744cd8b97e76c362b44ecb0ed96ae6b08ae25f6ede06b140495e10934754bdb3bbae1a6e442aa4f72195351ae0dda28eeeccd389814fcbf7ef4292f9735d9c04a92432ad435c252a406a5f37e50990c631fae001dc3ee3c9059a41c921f86f4e404ef4f1caf701d0933505e8647268803fd257ec94967c8a68983564b5e91f386315862e4a084b8f8f73ffa70ef356e7f6208d0f129b9c105faced2342dddea9caee9994ce74983602dbdb3383be00f451c1036e9fc8c64c39c2a8086a2d0e45a2354622a25ddbb1db65541d3f5d83e294423122d52bf28518dbf9c674691487c420e24e2901ab23e0a9abae1e9e3a7fcc2affe0a8f3ef998ac28383a3a64e720a616c9d0731ed71dda14487d8492864e649c9c9ed06c2f50467171728eeb5a8c485c769915042de8ad47fa04a5ed5d2a9e0581c65bdcc0e7ec85c4ba48550a6eee568c724d2462ca92c24618b45feeaaae1c24655aa53261526a72ada83b4fe7d278c4a46e5192704b921e7e486390830a34845403e981639f6ad8e4138812e4b0a3c661f13b7f05804b10b774d2856bfd4318847f4a19b48c7f118efa95cf2b89e085d6b8c8c07c0225058551040485f058a108990007d1bb41782ff1118448d89e64d54e7329dbb5c3bc2921b01322105c4c2c8222cf53ed3938776348dbb65669818701f011af182403b01e0546087c9971fce23902b8fbe01deaed8af3e317ac8e4f8855c9eede1ea3d91e55dd302a336c67797efc8acf7ef6886eb341ea8ccd7a8928471cedefd36f37ac362bbadad1360db989e943030aadf048965bc7a64b84e02a53cc85e4703767941b744cb351ad0c8f9e1ff3d9cb4b8a22e7c6fe3e07a30ad1ae8710802ff99b7d17a9fb6e180e0f260629d0834f520e3f27449a6f6aa1d3821b6e3e9e9000bd52e10624a6214d4332258932951c92049a13426064220406aee261e2b5bad487e15814af4dd2bbba590e4e11ef10839bd67b87b55d6a310c7dab38b8569580202528736d145557e7b4f3b8281078b484c015604b0e1869814112a547ea3458e6ba319764ad6130692aae6cede9434835851a60a912912b969b9af3f34bf60ff628ca1107b7efb07f7483d5c519cf9f3ec53f3b666f774ebb3ce7f8f815ebc6d2adce39bd5c92e569d8aa9bc0e949cd76b365b36969ba1e37e8940a2d1917051d3da7cb2d2a7ab24c32cd0d8594e903ea1d5e0882b6296f0fc9b4c8703e607bcbf1c90927e78af7df7dc02874b8669b9a9683c3594573ad0b0f57d169367d3857cacc442106238601bf1fa61431f541b48a49d72e15562409b88d3eb9b18540aba18f18c4a0778b04695031e244c40871bdab092150bceeed6f384eae420ebb764bbb3923b4db941ce02517afced886c8d868b44ae278a3931c35c680703df861772312879e8751698f9722d520e14a241653bb2075c5d3e21b0a187a1f9012729d887132ca21a5203da438281893ea23353e5f5e9cf1f9cf7fc6edbff1b7e8bb44004408660737a9e63b6c2fcf79f5f41967972bd66dcb8b97cf39bb5cb36c7adac53ab97d6524379ac2287cf4a052b7bab59eba8f2ceb2db9d28c94a2c8327225c9e460b91a7c797280f2a6e664c7d7ef1df0832f8ed388a80f64dad3f68e5b6fdce7d5c38f705d330c7a0764f6151272088b4c7cd261c71029444949898a1e77cd338d8828103ea68cc42b3567fc322224c454848ba1540921247d80500861af0df66a38b1420cd70befb53bea0cee8a10237dbdc5f7492b64329d78dfdb865999984f2f971b88911b873be87c44bd59a28426a82235fc9445c48011822c1348a38724a8f486580f4d6f914061727cb361bb5eb1dd7a8af1986a3e412a45882281f3f31c117cbab52885f760544469837511d7d7dcb8fd808f4f3a7ea1de22952257d53037eb408e99df9c52ed1e71b45eb2bab8e4707f8fd3d3138e5f1e7379b162bbad131c3f5a9ada8288e94212c1e443dd325c540aad53141b890e9c99c129e43d2e38ac93e42ed009cb44492699e2a24d6caa9ddd3d94d4742172f4e03dce1f7d46db26921d5a538d46a99573b5b3189d20bec10d02bdc43b20a4d342862feb9e100299c99122e0371bb67d6241e48387b2541aa914bd73e9f76a09ded285d45b345262b449b872a513ecbfeb5e9fa4779d4b32c4aa692908526263245847700ead1de371c5652df9f8d92b7a95339e69da3ea24c01ea88422bf6a68149d9926bcfa8ca30591c2c4b1a170c3648e2a6a7b3818968b87d679fad0d3cffe2214fcf1798833bec1edea4697abab667fff0065229babe4f6ee4ce518c6654b9a2eb1af6f282972f5ef0477ff87bfca37ff09b44e7595c5e329acd128d264b2a47a9344ae5e4e584ac18514ef6a9e6b7e86da0eb3aeaa626848ebeaea9372b36db0da1efaf3f34a353a825c821c9ca13236cbb402623a35c6344420178db51778eaeae79777fcac7e71bf2f194f97c8fc9783a5cd9736edfb9456e5b4e2fd7bcbc3c67dd36dc7cebdd21d22ee99cb6cb254ddb20a462773ea7aa0a7a9b001b7dd7b1ddd6d71e85bdf9987be3c8d4dce5ecf48ce7c7c79c340dbb6fbcc568b29358124dd2bf6b9d51d75b941bf283b29c723e45c4489e9708048be5e56bba69ae780a5702ae3ef5aba29678d723434f21d3f61a7a47f0815c0afc66c126067455614c81a966a86a849c9464554ba5b618d52284456591f1e1dbe4c501bd6d51af5ed17bd8cb402f3f236ed744e7d04a31dbd9633cdb21b0a1697a8c5214d588a29cd27596c086f98d3bdc38ba43df6fd99c1cf3f8f11fd26f4ee9fb9ec964c28ed1d83e459a21246680c2e64586d4925148fd9810545a4c933153bf43536fb0e39e723cc69c9fe0ba8660eda00f4b967d6b6ddac154bafd567f4e00e2bc4ff175ced2743d27171b16ad65329d524c7728cb92725461fb74c109664aa63446ad9052524e7738bafd00dbacb1ce4214d8a626f42d420af60f6e7374f75d8290b4f596f3978ff1fe057658fc3b476f33520b4634b869cec999c148c5743a4f68261233c1e479cad3393da6ef355659aaf18c37dffb1ea69c01916eb3a0ffe2a7afbb5389e1444d85b0d020b5c4b51d526a9481a01292503b8b8ae9869789d4bd964a273a5ba129ab9cd178075d4a221b02e718b9c2e882839bef918d0e699b0d9e9ce572cde6c5875c2e165c2e3a2eb69e6deb387bf1841bb7dfc28d339a2e32debd4939daa3b72d7ef50a6a4b5168e6bb7b746bc94f1ffe07d6cb3336eb157ffafb7fc02ffcd277d1e524dd3e07e3aaed7b4c96d1b7291264329d4084f5a6a1f389ed206c8f57399d6de8b76bfaba4e33cd41c121654423c88d1ea68df21acf58180321b1bd9abe67db769c2eb73c5b77d86a97d9789a1241f312869bf595f3f85ce5742e12ada3be3cc379cf68e780bed9245a5f961175e2468d766e30dbbf438c9126bb6079f63c21be05489d61d7a7b47189139ebae95099212e6bbceba946e3e4d09192bc4aa8827abdc0e4633c826ab2c7de8d07e8cc10bc632b04262f5e7ff6c72049e9fb8ebea9f1cea6622f3368911a8d422777721c40fe8a44dc1332a1aab34c5118456e52fa81f525214c88315219439665644611bd213319bbfb071c7eebd7f8fcdfff9fa9577f0cbee1f683f7f8faaffd6d6484a63ea56f5744dfa265033a906b0122812926e382b327e79c1c9fa09462b5d9f06f7fff074861383a9833dedbc51465b28a8b488c15ca0c7333efc935545a50074fef3d7dd7522f5eb178f59cf57281b529ebc6988c28c0db14232295462013ed25cf715d8bf77d4a3ef59ecbd596178b2d6b3122bb71971cc84d22aa6459a2d595b2a0ed7a8c89f4bd23bff9801b476f70f79d6fb3b73b6575714c349a18d5a0b76a904a638c1e521ec06705ca24f6540c1264e4eed77f8d89513cfda3ff1bfdba6155f7dc79ef9b1cdebc8d31691a80b8ca9e4ecc0a11050a4d966bf25c618cc2db40a72599c95fb7501f540a43f75a8aa456ec6d939a94512244969a6552a24dea68eb0109e46340083d045427eeba31a9e158f7156d141405e9d794c4cac4c5dc2c2e39fefe3f61ec17b4b35dbc8f5cbe78c44fffddff9d6ffec6dfc5649232574ca723aa3c353947a5e4edb7dee3e262cdbff9e7ff8abb770e8943e8909492efffe8c75465c577bff955f6d70d7991634c465ee4f49396e97c0e42d1775b9c6b99ef15f4db139e3f79c9e9cb635ebe7a49ddf52893519605599683b7c9522e240149598e506a301d10507946bfee58adb75c6c6b9e2d5bdcf82e453523530131dc74071e1abd7569ee161ceb554a1e4546968b155de7f8c8598ab2e2cdfbf7c9cb12a448cf541b8c4e5846a2a0c80d659e510c686f690a2e1e7fcc62f1843ccb91b32933eb38f9f4a7182db875ef01ce39a41318a3d14aa4e0f1a870610826d709531454406a99fe5bafb7a8c275934b88489617f4265162531f252265d242195c22e48b88910225020e9592d1b524536108b8d60895e431db7ac2b21378f4d045566499617bf2906cfd847c34a2af572c565beace62cf4e69370b322d89a103df32191ff1ecf99a874fd73c7bf633722df9db7febaff3f0e11798ac64349952e605dbaee30f7ff86744225f79e75d0ee61346a348e7034ddb512f97146581d21ae703dda625c62165411aa6f33dc6329189a580a6ae09de93650654a2b0983c234a09ced3f62d9b6dc36abde56cd3e0a7f7a87676707d8bc2a294c10f091a929892df6582f22724514f9e97e479c699bbe0c5cb57dc38bc81f7914f3ffa98a66d99cee6eccdf6e89cc314055966881e82926499262f72a297496f75fa09b747908f77582e2c5a2bdaaea7deac13ea496bfc2053964a27601dc9959cd2ed33944ecd4fa24069fdba8b4a5d435bb54a28c5f4a0d34a555949bc5ce38422a81caded75e7576983d72a5d43a54f711e2a2176bc546811882252bb8ade9794510db3a8c0fe9df7c85fd6c8fa1c1d5a4a1cb5efc92707ececed518ef6b871eb1d9e3f7b45eb2ef8e493cfb9589c53e539dffbeef7b875b4c38f7ff063c6d31dba668131066b7b569b2d7ffce31fd17bcfbb0feeb3d74f998e2a322db09dc0f616ad134da6d96cd86c3bb26accde0d455e37b47d4fdfd5041fd04300124a929b0a9d1544916e7fad75ac970de7cb054d7188b8f33dbacd9a0c39a02b252e28942c89b1476a496fed60b91adc3821d2b5166b3d75dd505682f3cb2599c9d9994d503ab0ad3bb6db80d19ac73ffd217679c1cd7bef62b22ccd477d6a7c2aad29e7f750fd3384dbd2f70d4dd312a56234db4da70ce0d597e19ea9b72653d42d01844762528f6b682ebffe9866c838b1ced3344dca3e5119de267085f01e352c3eef9318af0ec9dca884400a8d121a2d87fa6ba0e7a17d1add084d907a188a0a94884cf68e087c9de693df4198827bdff916bff4fe2ff16ad1f0b34f2ea8b72f78ebcd5bcce7637ef4c167f42ed0b62d6fdcbbcd8dc31dce2f57e8c2502f9668a598cf76699a9a1061b5d9f0939f7d40ef1c6fbff926dd7cce6c54511845d73b32e3504a11844666255aa4f14a25143aeb69a4a26dea0419891a9397e45599125aad675bb79c5f2c39d93a36ea2693f16d5cd7501419028b27a91a84b3087a42e8095e0eed880e02f4bda5ed7a8ab2c2da9eaa2c28ca115def417816eb354a2af25ce17c1a73d5ade7a39f7fca279f7ec66c3225cf345559d1f49e10157bf7bf417661b0279fd1758e75d3514da7eceeed0e349784c9345aa16482c8c6216f90c10216d5c0b18afef539ea5785ba1082aa1a518ca634ea1841d22b3beb12a96d8835bb0a0eba824370e5f99357192a29f3450cff9e8ed754634521884223854833b59bf7a1d8677467c1679f7ec14ffec38f513265ea7dfbdb5f43c9c08be7a7283cabd5394539e6edfb0fe87acfc5d953fee53ffbdfd3341bb22ce3c6d13d26f30336cb57c4a8d96c6b3efdfcb3a4d3ba778fb8b74b352a3152a2ba0e6f1d2e049ced592e978821dbc68794f1ec7d406725da184c590129fc69b15a71ba5cd2143709a662623262009395c4d00ec05986ac9e74014843607dedad8b31d2d91ea1f5206b49f9cdc12551a3ed2cebf596a39bb708688208d4754b97458cce513eb2586c12b23acfc955469e4b54085407f7e8964f1815194a06e687b7a846d3c4f89489c99a654532b92892bd4eb8b44254a2244a21b12ed0f5fd5fa0a33e082f945214a369baf6dad4c1d23a01fbd5203db9526f2206e288185809d1733542575212a2428a7e48d74a14e0424b9a75cbd9c99267cf3ea6ed03c72fcf58af971863288a9c7234e2fd77df424658ad1aa436f898d4026fdfbdc57c67c2de7ccaeffebb7fc32ffff22ff3c31ffe808b8b732ece5ff1f6fbbfc6ad37bec5f3877f8aed56ac574b3e7bf42865f349c5be4f37b13ccb9031f117ac87bc4c1d78e77a54149479f5e792e9535b62b35d73b15812771f50ec4da9cf4fd0d6a7c6aeeb91038404a1112a8d3f52e73ba0a44cfaef416867adc339cf683c4648c76a5593e7657233eb92bc2899294dd7366c5c242ba620f3942a1a15ebd596cca42cc63c085a19c87af8e0873f426ac5a8bccd78671f33de508e6769be196c5278c8c19573159937f80095d4c97d2e125fcc648ae964e7759b9ff18a7e845049778e340895c61121b6c9fe1cafe42d43d8e0908c95a0a35704bd34ed9682445d99cfb97f47d077359ffdf0f7582c6b4e2f962c2e2ff0ded3bb1e6b1db3e994b29c70e3f090c3fd5d40b2de6e58aed669c9fb9e9df98c3b77eeb2596f393f3de6e1673fe3977ff97b3c78fb01f58f930eeaa30f7e87c9748ff9ee6ddebcf90b1023a7cf3fe4e1e34758eb7970ff6d76777728424c981f6713aa272414b7c9530b424935cc38d3edf6726be1c6031ebef8293ff997ff0c6b1b849029cc480876f66e70eb8df7a9aa29ae5fd1341db1cc2874caa5eefa9e2012a74b990c0314d53edec3e5c51910d8d65bf26244a6247dd7a4c4ad2c4b329b669b82a28a9cbe4fea0495552853b0585f9267252e2bc872837482b3cb9675963379e317313a72fcec84f17442354a907fa915d15f516386f99e323000fbd37c5612794de475c2fe5d69d553024094e19aae1795212a053ee172ae286ba96ed22809d2d5485ff3c6dd77d9dfdde3c9e3a75cbcda00d0b42d2f8e4fa8eb16ef7aeaa646e98ca2ac08515014157b3b7b94a3296555e082c337fe1a6d2365528bbefbde57984c27cca613fec9ffe55f319b566cd61b6ede38e2f4e89417c72f881136ab25213816972f29f29cdb77df61b67bc8a38fff8c9397ff9efb77dfe0e6dd37998fc764b92638f0c121a5c28444ffcdab0a6372165dc6cb75e0a32f3ee6a39ffd1fd8ae2f502ae99892852a3952cecf5e72717e0c08eebcf11e376eddc3770b6c4cb6ff80a72cc61895ac552af32c96ab64d8753dde7ba6f35dca6a8eed93b121c448db3420135b5d49c57271499109842858af6b94f6f860d0834c655bf7b4cd96d96c4e6b93b1b51106d7b55c6ed608d6806336d9b2b73f416a3de007023286214bf0cbbcc1ba69ff2285fa00930d01a172942e21ae083125871a05d60bfc80721422651bfbbe675e147ce73bbf441d323efee8738ea7afb0ce737ab6a06b3bdaaea36d1b620c29524d659455459ee5144599a0fd99416b12dd2d44b6db86ba69393cd8c35ac7fece1e370ff7f021f2e2c5338e5f3c627f6fc67ab562341af3e69b6f91e5234ece4e5390a3d71c1cdea31a1fb27592b3c727a8f20ef9c13b1cf74b8e7ff0a7dc3bdae7e8e62df2acc2e439c648b4cac8ab11972ee3c949e4f9938ff8e087ff81babe4c85bdf3f483f4470e912a6ac055a60452c9c9ab679c9cbfe2debd77d99f68bceb29f2517205c934c2915a51562510590293d90ec89cae49b67b25f520575680c60c1122d3c984aedbd2d61b84ce105193650aad15abf50adbf7044841463ae7f9cb17eceedf42a029324d8c3d21282e371debdaa154a0c80252272fa4750e29be0c28e7b541b2438f2aa5508ae1ecb7a8cc40db7165f813c2a77068eb1042f3f5bffadbbcf3ad5fa6e91c2ef4c9c889e2e98b735cdf2255c67a5bd3346b8abcc07b288b82f1789a8a4b29b0c1239521cf52132f2b0c7951707eb14029c56653339d4da9ca118b65cd6c56f207bff73becedcd689a86d57a4551e4dcbdfb80dbf7dea79cbfc172b5a2abb7d44d4f31f6dcb87187beb3acd7979c5c9ea1754636fa2a2ff343b6ab867cf909b76f1e216ebec94597f1939f3ce4e1e73f62b33ca5b73d599621a54cb67b65a8f212411864be313d9ba135a34d495e4d30a664b16ad9d4813b47fb88b0c1f51dce458c126c362bca72cac5e519795ee283a0c8643273c680b58288a21857f47d4428855182c5c5315269a6d35d7a17e96dc064154dd71262603c9e8294d4cd16a8298a09a72f9f339bef506f6cca429406a1427a0e3ab58e9453749b639e7ff6016f7fedbb0903e92d84bf80f2f34a5de9834f3c82dee35cda821512170341286ebef30dbef7de77afcd0ba7976b96cb35de25a9edc5f982b6776499c6d906eb1ca36a4cdd3428a9d9dd497cf4beef915a315691181599d1f4ceb3bddcd2d47d92700cd7e922379455c91ffdd11fe36c9fdcd001aaaaa47705b3d90d82da61544d28c750562b36db35ce7548e0f8d923a6f31ddebe7f9fb39392c5f292b6ddf2e4f1275493030ef7bf4940935d56946549677bce4f9e272bbf902034e3c92c698ee29709a7de078cc941e60421c84d956ebf80731681c7fb964fbf78ccc1e14da685a46f57049f585729ee57629444e0e9da2d595ea6eeb619a194a46b3a9436b4f5826de8115a61b28ad57a9b78f3f3397ddfa15486cc52e2bc225016a3d4dec1e133b0dd06217356ab0d6555521493d47ec90b2e2ed654a39caa2c78f2f9e77cf1e14fc8cb09bb370eae9962afa5528843112e852410b1a95ac73ac7e4c65ddefeadff3941e65c9c9fd3f68ef5a661b5ae89089aa665b15852b796a22ca94ac162b922068fd109a7531425459ea39421448f925709ec2179d73c58dbe24364b9b8440fc7436f159bbaa36f1bf6f66f516f4eb1cd88d96c9fa683b13254e3396de7c03ac6e3293bf321ae63300fe459ce767dce073ff913de7afb1bcc77e61c3f7fc28da31b94a3399bf59af56acdd39f7e9f270f3f24cf0d4599a3b4a1aca6a9b39c55285d21558eccc778db246f8c3128223e26f0abf3361d6f520c40910ca923978b4bbad18cfde91e767b022ae7d5c526f5b16248c03869e83a47968fb07d4d8f409b9caedb62b4c2b980d63911c36c67078160b3599365054559e2ad479a30283340e7057dbb25cf75422d12988c2b4c9661db33cad10c648e0b358be51a98b0bcac290ac99486d3a74f5e1fce7f85c1b992f1e2bf4c153fb8ff4dc4ee5b6cdac07a7d4adf3bce2f5bdabea76b52bd748520d45ab0bc5ca04cce6c36a3a9d7e946938d988cc78cca9cbc280908f2224b6f7a5622e81052931586aeadd159469115c408070787745dcf3a82369a3e9f73f7c11e3ec072b94ab7c4f526f5c5069474660c93e9881852fabad29aaa386267f780d5c5533efbe88f10a1e7d9e79abeef71de319e1ee09d65e7e86daa2a7da83bfb77060a70409b1cef3d5951e19cc5a8095996d1f5a907a5bcc3fa2bb25d0461a8c6639cebd0318d67620cb4b640c819bd17647a83b33dca8c416468a9907a00c70a9dd2ecdb26a96cb31c9d1b8a728c94055dd78380723443eb8c103d3a37d4dbed759b67bdda0ca1de19e0280a4d0882badd521623b6db9ad1487274634ebd59e1fb0d7ddba0d48cf3be633c99529ad7ed53c954a05fc94ea54c7d8ad9ddf7290fdee3e4f412ad0b4ecf562cd65b8c3278e7c88a8c9d9d192727a79c9f9f10856032d965beb343df75349d6377679fa21c510c332a1f2412c7b6e95052717ef18ade79ca224329835486bdddbdf4c1651927afce68da1a88f4bd2744416f14cec5943605dcb87188f38ed562c9c6a550c822abf03240e871d6323f38a0ab2ff9e0873f42a9d44bb2ce538d4ac8f628267709b6e5e0e8162f1efe90e9ee6da024cfc280d589e4459ae3157986889e6d536354424583a4280c3138c6a3291181f51d7dede96d8dc4e0ba0dc797cf99ed1c7279fa84fdbd1d26f343eaa645999457d3364d1a80e78ae023e3c91ca524ebf59aaa9ae082223a4b514d08de91e7055a4b16174b9454144589edd3919965a4fc6aefc8744edd7448a1988c260414a37145b02de72f4fd9ae4f68836667ef1e75d7a3a5e3e4f8f3045f79fd8efa55fc3c101c667a4497df646232cececf78ebcd23fcad23fac7c7f4ae4768c966b3e5e4d5294a2bf23267b3da2095404a439ec3cda39b8027cf0a2e2f1708b14629850b9ec97802d123f0e499a6b31ee3035a07d6eb4056648c8da1d8c9a86c4953778cc7320599c440d7f52c962baaa21cc6199ae96c3238535cbaf6f70e64e2bd07d7f0f9e79f331aef50e4399d75b46dc77cff2e5a6b9aa6667e709b6e73863139a3f12e524ada763358e933baaea6284728a5e83acb643aa26fda6b1c65d7d4e479861bb086a16bb97cf5052e586edefb2a5aedb27b702b3990c21dcece1eb1bfaf19cf6e20256c570b3253a0b39240ca3e565ad35bcb7c7e40041a1bc98a02a322e89caeed587775d24a5d45f84a415dd7296a4d9bc46c455116056ddfe17cc0879e6db322d82dabc529c28c29c70758ef51a4f2c56425a5685fbfa32e8605d5772d4217ecdc7d9f57672d75d3518ea6fcf4a79ff395f7df444881b38ea66dc9b30403ebfa9a103c2637ac570b629014c5d09116011f5aa40a74bd4385643d525223802c1ba18d66b3d9301e4f3838d8a56b3bb675c3c9e9094264f40358424a9d58ef4652371d3bf31d6288e4798ed28217cf8fd36e391a216496fa41d2906b9352eb63c46423b2728c290279de52941382ef198f7738d899f0671ffe0fecddfa2a42446c5f53e689d71543a01a1dd0b66d0264007dd30d81908ea21cd34bb83c3ba6efb7ec1edca1a8661cdc798fb6d9e06ca02c9272d479c9ee7c9760d709dee18f91a6623299a5514d10647996a8d1759786df31d25b9b76c12868bb0ee8198fa7487ce28f0ac976db90e7055535a26d3ba285f1748eb39675bda22cd34ed6d50bbc5bb3592d884231aea618937a665beb29cb1d7456312efe021af5c41695e49961bc7bc8b3e32d4f9f9f501405e34af3f1936754d392f7de798b9f7df890d3b333facc926539dbcd0a2264baa4776e281e0d264f7d14ad354d1db12e60ca2baf5b2a72b54903cee9748a7369c08a948ca763a2af687bcbd48c702ea0b4a06d5ab4d2689373b95c93eb542f2004f39ddd9449a83475dd107c0a291a8f275c5e9c26747596746179a68994046709c192e51aa934b3dd23f2a24c47c9684cdbf7a8a870de536f56982ca7edbb3472aa0abc7354d50e75bd4d34c1d0f1e6fdaf23648ef7967cbe4f91179c9d3d4ff84812cfabf6967e701c690d370f6fb1daac515a9115459a0db63d65a9e8bbc4feaa46e9bf67fb9ebc308420d9ac57441c6d9d5c395559d1743d6535663429e85b4b3bdcbc47e50862c4458beb972c97e764f9181753aafb7a714aef143bfb7710b8645695e3d7ef53c590ec3bde0762d49c5dac383f7b41d338eedc7b8baa1a71faea8437efdc26444f969704df63ed6086b4968820cf3382f7d4f596894abd1d292bbade0dddfa62804a04ea7a89d69af97c3a282c87069e8f548561b5da906739ebd50aa5747af322946546df7b7666e908f53e65093e79fa1493651479c168344659cd7ab52212a89b1aeb2cfbf31ba9fe5a2dc8b30aada0f711a572ba6689c94baa6a8ab52dd62643eb76bba4acaa34c62030aa46344d9378e9483adb5214054a498adb5fe1d9d38fb9fbc6bbb46d8be85adacd05cdea8c5617ec1ddc663cd9a1691aca6a8ad2199bf5254f1e7fc2adbbefb2dd6cd3953f1bb325c1d1a42a18556396ab0b8a3cb96996cb35a32aa76d5a2090e519214846d339a5f7345d87b38ebcc8198f7669ea0d7dd7e05c47b3be8021905c2a8d119a6e73411712973520527cae12f42ebc6e4d350c85854c5677eb79f1e22526abd86ccf78f1fc09795eb25e343c7bf60425a0c814759da6f64a2bb44f423f6332da50d3d4abf4908b09522a269329f3f92c01c54cca30eead21c4c07ab581a9a22c344a08b232c7f68ec9640602a6f32922406b7b24d0b60e6d60b55c0e359c64b5de7278b007287adbb35d6f860ef4086f5b84548c4673d6ab352633439c6e465e8ce8ba9aa6dd8297849028024aa51d22ea8cd1689c86ae5260bb2ee1bf25f45dc7a89ae16c8f8d8e2c3304ef39baf5808f3ffc13cabce4f0f6bbccf6ee504ee728a9595c9e311a5bc6a331d6f64825994c0fb05dc7a71ffe31b7dffc3ada8cb8b878c9abe347ac97c7ecde782f69daa3e3e2624339ae505ab0deacc98b945718a3242f2a568b15dae48cc763880946576f57c490a027b66b2972c976ed8844ac6d70d623a5262b775103984da92931b8c46e787dea4b1a91ac162b9ac6a3b38af5c92b9c6d515a1362960a439b2c5cadf5f4b61f307f9ab22ca8b71bfa4ea084a0b18eba6ed93b384244c87345d3b429e3582a82204975813c2f300adab6a51a4fa9b7355a67ac572b7466d86e36e459c172b9c66492a218d1d45be63b13b43269041402abe51aeb2db3e99cc9de94d393b3049bedb7744d4d55e4b45842f0ec1ddc214649536fc8f292bd839b9cbcf88c623465bb5e3399ce994d4bea26499237db35522a8aa260b3596374c66cb643dbf748a3b05d8f1b6ac5bedeb2b3ff06abcb97b8de33aa34de4b028abbf7dee7f2fc39a7978fe8db2d6ddbb27ff36d8ad11421258bb3e76c9627dc38bac7cede4d46e31d56cb63a6f35dfab6665456c420c98b1172887891d224df8032cc7666586ba99b9a18234551a1b5a26f1b8ac2e06da46b6a44f4041fe8fb2d4218aad104e72d3258f2729a504f99c1e8d7657e0edc83b3b30bb6758d5482e5e2159bcd0531803201bb59d0361d9b5b070948d136083caeb76455ea7ebb1051d6120598bcc06439ebf59abd9d5d26d33167a7a7d8de5e074892479c751cdd3ca4ae1bd69b15b26ed205d4b7e455851091fdbd1d9ab6636f08386cdb266504af1b0835559521a5623a9f619da7eb3a56cf1608a9d9d9dde1ec7483d69ade5bc6b33d36eb15ebe582e96c8788c7f509152d95243333aa5145d36eb036d17757ab25596e807445cff31cef2c7de79285ca594c56e09d4718c5683421cb0bf6f76ff3f9c77f02e2eda4c8686b8e9f7ec2eeee01526554e39cc9bc60bd3c653adf4568c37434a3aa265c5c9ea374ce787e845092974f3ee0dedbdfa56bb6481d095e525423ac751003bbbb07344dc76a683a57e3a49f92447a2fe97dca86ce350419d8767d8a8611a07492c12893819458d725de181a6b5fb74f25120ae8e5f1cb21a15227e13c7188c6b0e9c8d28abaee31d2e35d12ef8b18e943622718adb05e90572346454551564ca71332a3595c5c7078b08bd68acb8b153e04ea6d4d5515b44d870881c3c343bcebe97a4f889ecb8b055555f1e2f80429922a5548c97c36c5058f4632aa0a4e4eceb03e309d8e310a9c36647949d335d4db9acdba663a9db0ad6b6ce750e949e25c2033198def582dcea8b70de3d93459af90346d4b9667c94d1493e1a3eb1d7dd7a375ea98e74535909b256555626d0b422155a46eb6ec1edee3f4d513b27cc4cefe6df222e53e5f9e3ee5d6bdaf32df3d623c99237586d1398b8b576cb7178c47736c80e8bb949221333ef9d9ef7378f36daad194e9744c5dd729050c91ccb3e3691a7a2386f96cb263d5f51a11239956b4f586be6bd14663bd1b880f607d87f125aac87021902b8df5e1f5131fa4502c572b827374b6a7a93b0e6fdce0f4f41597e7cf592e5e3299dfa11a1f62ad232b55027145815282d8b778a3c9f2d4e95542518e525cd9e2f292c974c2cd5b37b9383b258ac868540c8dd119a351ce6ab5a66d5aeacbe5209f35b4ade360ff802c57c3903bd2d45b428cbc387e0531b27fb08b738e9ddd1deabae1e26289d1c979920ad748591614654ed3347867695d87f73dfb07b771d6d17582f178c666794c359e329ded261bbf96545541709eacacd86cd7c947a7cb5412488d948632af0879c0b934784ecfc5139c4de1e3c670f3f6dbc410387ef619c64826d37deebdf38b3c7bfc015a658ca6e9eb37a66467ff80e3670f393f7d8e40524d7699ccdfe0de837dbab6e1d9e39f5214ef625d623f6c976794a309da189ab661349e501ac3e56299601f2a2d2cef2c999638e9f19921b42ef1b58418d419059180b78e3c1f635d4f99951899bf7e47fdf4f414173c75ed393bbf40c4c8cece01b677b4f5057d7389d0057d5fb1b77383de5a0a39d0459c45f5165316685d607da4695acaa2e2c68d43bcebf0b61966798ecdb6456bc562b960bbd58c2763b228d8d9dba5eb3d4dd3519592d572495e8d68ea4dda3d545261eeefedd1f51d8bcb255144aa6a9c120b8ca6b76ec8bfeb41c6d4936953bcaec94ab22cd2348995d9d42b9aae45eb1d4294e86c8c77c909ac750e22e2a563bbad5333330854f48c26d364ded0864dbd197261349bcd3a4586d886972f3ec7db2da61863f209fb7b7778f39d6fb1ba3ce1e2ec31b76e3fe0cdb7bfc3179ffc2977eebd4d8c1917e72f585ebe6277ff88f1748f7abbe6e6dd773046b3383fa32877f8d6b7ff4b7efe933fa0eb2cf39d0366f319dbcd129357183362b35c528e2b26e3113e08bcebc97249eb6bd6cb73ba6e8392d0f783f8ee0a2da97ab42e87fc474191e7693c9597afb7a8dab6a56b7b0492ba69687b4fd3f4e82c4f0562779bcb8ba7d8009377de01095a0dae1423082e4ddcb32ca24c893186b21c319b569c9f5f70fbf61101c162b91cb84b12e71d4787071445c6baaec932c3f18b137c088caa8ad676cce61390823c9f61ad1b5a0be98dcc4cce8d1b3758ad375c9c5f8088cce773ca1069ea96de593205978b354a492296aeed30590ab25caf2ed2d7b87b88ed1ba248bdb3bae998cd2634db2db6b78c2653ba768bf769d70b219067054db349ee9461de288d66b339e1e9a3e794d5981b37ef71faea31a3f11e453945e739ce75ec1f1c21a5e2c5d3cfd8ddbfc56cb6cf93871fb3bb7f935bf7beca6c7e90aefb3aa7ef2dcf1f7fc2e1d15db6db0b4e5f7dc174e736b7defc2655354669689b0d4ae7d8aea71f06ea6dbdc54cd3b0beef3be2b06b2aadc9bcc2ba2ec908c4351e1fef2366882e8904dabec7982c118d5f67516d561bba26d97982f7d8ae495c6e047966c88b31a3c901cbf3e7f8fa9858be0551e0634a944ae687888f82c9684c351aa186adf4c6e11eb6ef88d17378b03b2094235591e1bde5fca246290d04f6f6f7596f5baced5152b158aec88b826e18854ca733ac7334cb0dc16d89d1e27caaed9c77c84155b1d96ee8fa96a3c303a4921c2f4ed8dd3d42a8866d5333db3922ba8eb66f0921d06c2ee89b0d65392344c16ab9623299926591be6f53c3b36d0811f27244d3362034de05a4ce383bfe82b6b9e48d37bfc5fd770e70ced23435f7defa3a4f1e7f420076f7f7397e9e6ed3ae4fcde18bd3c7dcbaff57282787ac172f79f9f4430e6f3e60b1aec90bc7743ae5f8d94b3efcf1e7bcf9f6b7d93b788393974f69d627d8bd3b54c584d16887be4f59823158369b05426836eb256559a1b560b55923b103ebc1127ca41b78f172a0513384b0675ae17c20cf72840804ff9ad2979393537c08349d4b5c749b68457951242380ce284773b69b154a676ceb1a9d195cddd2b66ed8feb35463e98ce81dd3dd19993134db353b3b73424c2e1ceb3b10b05aaf114876f7e6345dc7c5d925bdf5f828d89b4ff0b667369dd1d9fe3a20e0e4f414630cd3e918e71d67e717d72914852958ae9649e7e45aa2f76c371baceb9052f2f8d9a7ec4fa6bcffe8279c1ddee77cbcc3b898b2596fb8387fc6687a031704d39d5d7cdfe3a3c7988cce0636eb15793e2284041009c227a38032d4f5869b77df63b978c5e3873fe4cebdaf911723a6b339cd76c5fee15dce5e7ece4ffff4113bfbb799ce0e29ca3740282e4e9ef1e2e14fb8fbe6d798bff50d9e3cfc31cf1ffd1454c6e9f1122135376edd67be73c4d3c71f3199ed71f3f67d2e2f4e3979fe1137efbe8fc93294d6b4dd50c365637cf08cc6231617e740400a47b7bda4efdb247ff6ee9a539512f30614914f32249519204598385e33f068bdde104364dba408b0d9a4e0d23b9ad61281b2aae85d9be4b32a1b521c86340021c88b1142e42895e35dcfcefe0131069a7acd643622c49405dcb6ed2017f6cca623a69331cbe53281ff7d42ab9699e4f8d529799121ea96b66d189565d2704f27745dcff9f9055a6b26e309ce76acd70b649994019bd58a8864677f8f7ebb60717181770dfdf69c8f9ffd8ccfb20af5ea21bbfe16d3f11ec5c0c5ac463b89e6e761329e607b9be698d1518dc6c388a7c2f61e6d0afabe4dad049d61bb86e96487dddd5fe1f1c30f984ee6d4f5021f202b46dcb8f336dbd50adb2755c376b5404a4d5e8ed8b9f12e9f7ff6630e6edc6534db63bbba603ebfc1eec11bbc78f2314fbff81907476ff10bbff277b15dcbf9f92b0e6fbc89968a174f3ee4ee5bdf643adb071c1189ca24b9d22c2ecf018fb31d7dbb86e899cef6f06ecb7ab14d09a4441c1e65353a8fc468b1b645a8129567103dd636afb7a89cf3c4e0d12ab258b554e508ad0d27271720269c9c3ce7ecf927589f74426dd7236248c79e174861d05946558dd8ddddc50dc5f2c1c1ee109eddd3798b1b02166fdd3c42c924e7184f275c5c6c28ca92cc189c0fdc9dceb0b6c305505ab35c5ca6465e39c2394b511634f516ad12e8bef702d959a6d309ce5ab6f536d175854864bfe0c88b19721ce882456a4d39bb0332a35e9d0d116f2940b1696b9a7a4d35aaa8aa82badea095a6eb3ba2ed13f8bf5e9399d454943229509d779c9f1e936505af8e3fe7e0e82d26d343b2a264b93863efe0164f1e7fc4f1f163eedc79c0c9ab275c5ebe4249c9ed37be819092edfa146f5bd6cb33e67b77b97defeb98ccb0ddac79f6f8234693294db345a88cf9fe2d02f0e18f7e87d9ce2d6ebdf90db436345b87c9932ece5b4b080e633282c91327be6b514613634802bc78d5f876e84ca106519e1c6cfa31a8d7cffb5b2dbb04f48a918bc52afdbc14b46db20ae9aca0be384e8e0b71d5c3483d2ea51546176895486cae6f86d48780318ab6715867994e67ccc623ac77c9d1ac254f1ebfa4b30e81e0a2693059ce46258f5f559578ebd8d9d9a16d5b96ab35d606f6f72b82cb59ad3780643aaea8eb866d0d599ed3f62d75bb49baaadcd0f79a3caf50fbf708018a3ca32832da76cbe2ec0b8a6ac6b65e339bef339b8c1214cc597a6b09187a6b298b8290e09c8c4613faae23cf4a569b1556a5a37032bbc1641698ed1cf0f4e14f8811a6f2882ccb582e2fa84653ce5f3de6e71fbce0dedbdf21af66bc7af11917270fd93d7c67b0c809eedc7b9f22cb592d2fe9db8e22cf59b65bce4f9ee39ce5f2f43187b71f309dee71e3ce57595ebcc0db96f138d581828812637adbd3d62b32adb1dd927a7b49dff5d7668614ba2d503862cc06f35212001003528beba6ef7f7634dbf9f98abeefd12623cf35b3e988d5bae672d5e06c83c90b8ac90df2d12e42269f589e17d739c2297ddd0d489b0ea54442d55c6bbc15e3d198fdbd1d3c913c332c164b44d44ce7738e0ef6984c47dcba7b93bdfd19d5a8643c19b158ace9fa96a6aeb1d69265865155d0355dcaf81302ef7ba4d064260d8ffb2edd6cca728c1022293363a4efead400cc0bbaae416943558dd2ccab1825d93049295a8da608a1e9ac6554951479458886dc64d4f59ab6a9d1c6b05aad28f282cc9448a9d9994f90129ced78ebbd6f73797eccf9c9538e9f7ecac98bcfe9ea2547771f508e7679f1f4638c8cdcbbff0d94c9b938fd84f9fe1b94a3433efbf91f7172f2fcfa02f4e2c947d4eb3394ce5159c93b5fff158cca592dcfa946730eef7c85678f3f60bd5ea015389f94a34629425f73faf2732e4e5fd0b6f575a49d5286e013c240088d921a67fb546bc540d3f5c92bf09f0074fc471755f001a9247defa8aa82ae6d923366c87e932826a359eadeca0c62220dcb210d02024667145992ab5a6713a6466942f06446329d56346d97a0f321329ecd58ae57ac160b4e4ecf71b6e7fcf482d3d38b943bec037b7b534655c57ad3b1ded414794696692e970baceda8aa92a21cb1dd6e703e2295a1b516ef20cb0c223a82ef5393cf275b5466b264c4a8936dcc7549eb5454238490b4754d5d37891b9a15f47d7a59881d978bf3948dd35bbcb509b21a254599638ce6ffddde99f55a72646574c598d339e78e75ebd6d02e0f18d32d23440b101242fc75c40b483c20c074dba607975d73dde14c39c5c843a4fb07d4130f95ffe06486e244ecfdedb576fb9ee07dd1800c335f7dfd8f7cfed5afb978f08b92c3f733b7af7fe0eafa195ffef2ef49c21062e4c9b35f5177176c6ffec8c3479fd0b61d3f7cff6fbcfae95b9482c7cfbee2eafa13cece2e89def1e28fbf29f443a94ab9c48f04e778f9fc3b622e79f4aaaa39eeefb87bf73bc661cb388f25a2ac0ca65e1500cbc2650f312ef46783500aa52d95adb0569728d2079da952694304e708d1b1596fc842f1eae53b9c73458b9a1c21787cf08458843f4229722ee6706375d94a55190ead1b53b4227360b55e81d4854027e0e5ab7718ad586f3a7c8874ab35fd7e8f92b05a6db8b9b92bdc51552180f5bac139c56edf636dd96142f0854f9ac17b871094ac76cc8cb3631e3d31cec430639b0dd3b025cc7d09fac5400812c55cacf412fc3c52550d2128bc2fa2ed6ebda23f1e1987b070e64b2262b3fcfd19a390048ec781b3930dc668eeee26eabaa33fbce67f7ffbafb4ab0d170f9ef0c55ffc0d6e1a904af2f2f9775c3efcac34715371154b0187fd2ddf7ff32f7cfae5dfb13a7dcceb97df33cf078cae38ecdee293e6f1d33fa7dfdff0eaf97fe2fd8ca9375c3ff9255ffee53f1143e0eeee86b65b733c968b41489e1442c143cd03546beaaa43c803c997e0a2126951c9a9454f6c5052622bc574183eb44d938a572e417081c9970eb6d4824ca9018dc381cdc943dad51593bb5d2694154aa8053c21304651574596ddb62dd338522fcd5ead74e1484e9e8bf3338ec3c4db37b7d4b5c57bc7ea6445f011650ceb55c7ec3d87dd9e9c13ebcdc932629e086e60b55e9352e6d0f7680971d1995475c71406b491480dfbed2debcd29d3ec4a7272a15857a6426a819b2664d580acf021533786aa2a430a2904bcf3d8aac2cd1e45a06d6a7c48cba06524a391dad2d415214bbc2b43207737af91aa02245d778a9b23290c544dcb301cb97afc05f7372fd8dd1770ef7a7dc1d9e5534e2f9ed01fb7bcf8e11b2e1f7ec2d3675ff3f2f9ffb05aaf5877a7ec0e47befdaf7f46db920aadaa96878fbf406acdfeee1db63da1ae5bacd11c07573cd34233fb0929c3e2ef9368ad961c5a2112a60439ab22574a1051c894082ed075dd872daaddb667b5aa4821a38de5bcab783dbe2fd3286e22070731e1c34c8c13ebf58a2c04c33495f3945228094a66baae23c68092b210641a4bf001c88485c1747bb723ffdcddd745bfd1f73db38b58a31743bcc6584bceb9d81894a0a935e3e80a6015f02e100948a3103996393f2168db35d61886ded16e5658a309734f4e919825594ad675c776be47e542a489c191e2cce9c9869c61bbbbc7b952fab0c6308dd362048d383f53375d39f4a640536f485171984a7fb16d571c8e139f7ff5b7fcf887ffa0b215ddc95599a6e9b7381fd99c5d973c95b49c5d5c70d8dd20554d5575accf9ef2eaa7dff0f417bfa2ed4ed9ddbd64eab7ac4e1ef1e997bf661a7a94564b1e7f46e73256efe6123df66e22a6621593ca224466761355bd2edc53372d3b7d464a83d116690a3aaaaa37744d8b529ec3f68017f1c3ce54dd6ac5cded01a9f4a2ff8ae8c5297c7a5ab23587fd1bfaddab725611b2888a94468ac2214819ba6e8d52d0d45599db6b0c5a69aaca9073e4f5eb1beeee8fc4980921628da1ae2d8fae2f9867879b66a671661a1dd33463b42cc4bb940b705f50b2ed021409ab4a39c4e802697353195eb57545df0fac4faf083ee043a25b9f636d4d703de448dd36c47928c39fca96451f322e48422a9416abd5f2f24b91701c87a5399b9612470328e6395237554101c488b10d0faeae49d173fde833f6bb3b7efcddbf737f77c3e6fc090fae9fb1397fcc6673467003bbed4d81a9a599c3f62537af7e8b540dfbbee7f2fa539e7efa57acd657cb806a197cf0bed088adb5043f52d99aaa321cf75bfa635f7063312184c287805b2c644a6afc742c4cd75ca6a75006ad3b2adba16c577e879fa92b45980f1f5e51bfba3ae3b03f62ad5946af36849078fbed6b422cd1979c22de79a4303837d1544db130098531b6600353a26aeab2db188d1082edb6e7e6fd3de330174d6cd7505983358a555b71b31dca5fa401b970beadd6acd61bc669609ee7e277ae6a5092a13f944ab2b5e854aed0422ac671461b81889edd6e4706daa622e4480c99cdea041f8bdd4be4c830dc162c762aed092912b31bb1da606c8db599187da9892d668b8c406b4d4cb9f0cc454954f6fbed12d72db689d6360c873d297a4e2f9e707ff39c69b8a56e36185b63a4600c707afe98f76f7fcff6ee151717d7b45dc77af335b6d9e09d679e3d421984aea80444d713734996c41010aac463426ca96d49ad3aef69db1aa16de90acc33555551552d2906c6f15034b74222a421678d322b84ea90692ebb7618e9f737b861fb613bd57ab3e1d5eb5b66e7302a330d65fab6ef07ac698a6c4828eae6948ce27038304f1e650c5db7a6d215e7a727d4b56549e0619462384e1c8f3dfbc3c0ec33e89259afaa861813e7676be61078ffee96691a99fd840f8e180589a2cd40684021178397169a98246e4e28a9a99a0a374f45b4985301df8ac2c22c65f0a6d4d5fcbcb86d022947e6c99393fc13f5af5d9f2064667bff1ee7068cd6b4758552b6c0bf4228b7a59c68ea0625247ddfd3340d9bf50ae73de3d8439af121707f7fbf1c0d2c5ddb72fde80bbc4f04df5355353f3dff8e973f7ec3bbb7bf677d764db7bec08500aac187c06e7b877303398cb8e14855af4158a469914a2c18c540f4a55f1bddc8617f4b5dab25eb559219da36c8a5a59452609ef684302f9b8158d4310a216b94122819c8de311d771047a4fac0e4e7fe70e4f2f21221607b38d2b506a3358f1e5e324c33b7772dabcd2532173069cc707975495c2ae467a7a79c9d9e2045a2ed5aaaca10bcc7c7c0bbf77b0ec7c28e723ef0e0e282183d5a9542e5fb1fde30b9b2280026d7e363c42c04182922b5d58cd3b4b0b120e74042626d43f089691e51ca9073691f7937a04d8d09899fb17619c5347bbaa69445a67962180f18db422e06b014334ddde15ca6ae5491659a725ecca2f009528a85e1b5dc9c7216186b505a9510a1805a247c88c8a6a3aa1ac631e17dcfc3475f703c1e79f7f61555dd71f1e031def5ecb76fa88c4129c5e1fe2d485d7ecbcfb4c29498c6520e087e2691e9ba163f4dccce9173a46a5785c39af232243221492853d3762b728ecbfb2c86335242d815ddd9e76cce3fa16d1a6476cce3c8712c0bca4d0784fa4090ac73916976a49cf191f2815271904a29190e6f79f187ffa6ae3bd25fff036ddb2084c0e3b87a70c9d58333867e44eb1aa1ca877773e0cdeb3beeb677c4044dd3d1758525fee0c1393945520c78efca68b92820b5103d526862285e666b5b6c05ce3948790172294288086188c9136242e9c5265ab5186d199dc7cd85f550d50dda24da6685b59aa6e9d86e6f4861a23bbd4069c1384c6cd66b8c2e2ab4691e49a3a7d27a318927442d48492d07628936352106b6f73b9c9b4acd281650acd4061f12da08daa6659e0ea49c39bdb85a20bce5e3fb0c4669a2f045d5ababc297c8891403ca1437508801910451161cf961df17b05cd392a263ecf7d87a0dc9127d497e4c8343c412d599dd809202ef66bc9f907ac5eaeccf38bf7a864010e248987aa67e8760c2cf7d31d2ba0f849e35b531af5ebc4049858f19c5095a6e30a2d8b58efb3bb2484cd311233d9bab6bc809e76762f01c0f3df5b2d01470dc1f38f63321457c484c93a3b215baa93146b3dfedf9ecd347dcdfef1967570830429048cb61d791ad4519434e11a58ae8a814e934da5852767fa2236b69c8d9a08da06e1a848671b767b53e2f352c99b1d614e885136421391eeecb90a830e56a1dcb787cdb6cb0d6723c1c082132c54cc8899c72f1e9295d9adc5d59bcd338117344a0a96cc33405529cd0aa2b37e75476efba5e93a3c75a558620622025085150356ba2dbe1fd8cd2a51d54eb8a6138927381be59ad0829e14328e9d214b1554b1817fb590a90a1a94a8a2487012d333e38a436a4a9a413422c12ef52931b386cdf70fdf813a661629e8f0866e6f1408a9eaa6a699bd67c90eef6e3f3f1f9d0477e7c051f9f8f8beae3f3fffef93f099795f03aec9ca00000000049454e44ae426082, b'1');
INSERT INTO `usuario` (`USUID`, `CARID`, `USUFECHANACIMIENTO`, `USUNOMBRES`, `USUAPELLIDOS`, `USUGENERO`, `USUNOMBREUSUARIO`, `USUCONTRASENA`, `USUEMAIL`, `USUFOTO`, `USUESTADO`) VALUES
(3, 2, '1980-02-05 00:00:00', 'admin', 'admin', 'M', 'admin', '452b889d10df869834152618463e1c07ce88001a40c9fff5d4fdf300c65684c6', 'admin@unicauca.edu.co', NULL, b'1'),
(4, 1, '1999-12-14 00:00:00', 'admidseg', 'as', 'M', 'administrador', '452b889d10df869834152618463e1c07ce88001a40c9fff5d4fdf300c65684c6', 'asd@iasd.com', NULL, b'1');

-- --------------------------------------------------------

--
-- Estructura de tabla para la tabla `usuariogrupo`
--

CREATE TABLE `usuariogrupo` (
  `GRUID` varchar(20) NOT NULL,
  `USUID` bigint(20) NOT NULL,
  `USUNOMBREUSUARIO` varchar(75) NOT NULL
) ENGINE=InnoDB DEFAULT CHARSET=latin1;

--
-- Volcado de datos para la tabla `usuariogrupo`
--

INSERT INTO `usuariogrupo` (`GRUID`, `USUID`, `USUNOMBREUSUARIO`) VALUES
('1', 3, 'admin'),
('1', 4, 'ADMINISTRADOR'),
('2', 1, 'pmage'),
('3', 2, 'fpino');

-- --------------------------------------------------------

--
-- Estructura de tabla para la tabla `usuario_departamento`
--

CREATE TABLE `usuario_departamento` (
  `idUsuario` bigint(20) NOT NULL,
  `idDepartamento` int(11) NOT NULL,
  `nombreUsuario` varchar(75) DEFAULT NULL
) ENGINE=InnoDB DEFAULT CHARSET=utf8;

-- --------------------------------------------------------

--
-- Estructura de tabla para la tabla `usuario_programa`
--

CREATE TABLE `usuario_programa` (
  `idUsuario` bigint(20) NOT NULL,
  `idPrograma` int(11) NOT NULL,
  `nombreUsuario` varchar(75) DEFAULT NULL
) ENGINE=InnoDB DEFAULT CHARSET=utf8;

--
-- Volcado de datos para la tabla `usuario_programa`
--

INSERT INTO `usuario_programa` (`idUsuario`, `idPrograma`, `nombreUsuario`) VALUES
(1, 26, 'pmage');

--
-- Índices para tablas volcadas
--

--
-- Indices de la tabla `anteproyecto`
--
ALTER TABLE `anteproyecto`
  ADD PRIMARY KEY (`idAnteproyecto`),
  ADD KEY `fk_anteproyecto_programa1_idx` (`programaAnteproyecto`),
  ADD KEY `fk_anteproyecto_profesor1_idx` (`directorAnteproyecto`);

--
-- Indices de la tabla `cargo`
--
ALTER TABLE `cargo`
  ADD PRIMARY KEY (`CARID`);

--
-- Indices de la tabla `departamento`
--
ALTER TABLE `departamento`
  ADD PRIMARY KEY (`id_departamento`);

--
-- Indices de la tabla `estudiante`
--
ALTER TABLE `estudiante`
  ADD PRIMARY KEY (`idEstudiante`),
  ADD KEY `fk_estudiante_programa1_idx` (`programaEstudiante`);

--
-- Indices de la tabla `estudiante_anteproyecto`
--
ALTER TABLE `estudiante_anteproyecto`
  ADD PRIMARY KEY (`estudiante`,`anteproyecto`),
  ADD KEY `fk_estudiante_anteproyecto_estudiante1_idx` (`estudiante`),
  ADD KEY `fk_estudiante_anteproyecto_anteproyecto1_idx` (`anteproyecto`);

--
-- Indices de la tabla `facultad`
--
ALTER TABLE `facultad`
  ADD PRIMARY KEY (`idfacultad`);

--
-- Indices de la tabla `formatoa`
--
ALTER TABLE `formatoa`
  ADD PRIMARY KEY (`idFormatoA`),
  ADD KEY `fk_formatoA_anteproyecto1_idx` (`anteproyectoFormatoA`);

--
-- Indices de la tabla `formatob`
--
ALTER TABLE `formatob`
  ADD PRIMARY KEY (`idFormatoB`),
  ADD KEY `fk_formatoB_anteproyecto1_idx` (`anteproyectoFormatoB`);

--
-- Indices de la tabla `formatoc`
--
ALTER TABLE `formatoc`
  ADD PRIMARY KEY (`idFormatoC`),
  ADD KEY `fk_formatoC_anteproyecto1_idx` (`anteproyectoFormatoC`);

--
-- Indices de la tabla `grupo`
--
ALTER TABLE `grupo`
  ADD PRIMARY KEY (`GRUID`);

--
-- Indices de la tabla `materia`
--
ALTER TABLE `materia`
  ADD PRIMARY KEY (`id_materia`),
  ADD KEY `fk_curso_departamento_idx` (`id_departamento`);

--
-- Indices de la tabla `profesor`
--
ALTER TABLE `profesor`
  ADD PRIMARY KEY (`idProfesor`),
  ADD KEY `fk_profesor_programa1_idx` (`programaProfesor`);

--
-- Indices de la tabla `programa`
--
ALTER TABLE `programa`
  ADD PRIMARY KEY (`idPrograma`),
  ADD KEY `fk_programa_facultad1_idx` (`idfacultad`);

--
-- Indices de la tabla `usuario`
--
ALTER TABLE `usuario`
  ADD PRIMARY KEY (`USUID`),
  ADD KEY `FK_USUARIOCARGO` (`CARID`);

--
-- Indices de la tabla `usuariogrupo`
--
ALTER TABLE `usuariogrupo`
  ADD PRIMARY KEY (`GRUID`,`USUID`),
  ADD KEY `FK_USUARIO_USUID` (`USUID`),
  ADD KEY `FK_GRUPOS_GRUID` (`GRUID`);

--
-- Indices de la tabla `usuario_departamento`
--
ALTER TABLE `usuario_departamento`
  ADD PRIMARY KEY (`idUsuario`,`idDepartamento`),
  ADD KEY `fk_usuario_departamento_usuario1_idx` (`idUsuario`),
  ADD KEY `fk_usuario_departamento_departamento1_idx` (`idDepartamento`);

--
-- Indices de la tabla `usuario_programa`
--
ALTER TABLE `usuario_programa`
  ADD PRIMARY KEY (`idUsuario`,`idPrograma`),
  ADD KEY `fk_usuario_programa_usuario1_idx` (`idUsuario`),
  ADD KEY `fk_usuario_programa_programa1_idx` (`idPrograma`);

--
-- AUTO_INCREMENT de las tablas volcadas
--

--
-- AUTO_INCREMENT de la tabla `anteproyecto`
--
ALTER TABLE `anteproyecto`
  MODIFY `idAnteproyecto` int(11) NOT NULL AUTO_INCREMENT, AUTO_INCREMENT=2;
--
-- AUTO_INCREMENT de la tabla `cargo`
--
ALTER TABLE `cargo`
  MODIFY `CARID` bigint(20) NOT NULL AUTO_INCREMENT, AUTO_INCREMENT=3;
--
-- AUTO_INCREMENT de la tabla `departamento`
--
ALTER TABLE `departamento`
  MODIFY `id_departamento` int(11) NOT NULL AUTO_INCREMENT, AUTO_INCREMENT=9;
--
-- AUTO_INCREMENT de la tabla `estudiante`
--
ALTER TABLE `estudiante`
  MODIFY `idEstudiante` int(11) NOT NULL AUTO_INCREMENT, AUTO_INCREMENT=4;
--
-- AUTO_INCREMENT de la tabla `facultad`
--
ALTER TABLE `facultad`
  MODIFY `idfacultad` int(11) NOT NULL AUTO_INCREMENT, AUTO_INCREMENT=10;
--
-- AUTO_INCREMENT de la tabla `formatoa`
--
ALTER TABLE `formatoa`
  MODIFY `idFormatoA` int(11) NOT NULL AUTO_INCREMENT;
--
-- AUTO_INCREMENT de la tabla `formatob`
--
ALTER TABLE `formatob`
  MODIFY `idFormatoB` int(11) NOT NULL AUTO_INCREMENT;
--
-- AUTO_INCREMENT de la tabla `formatoc`
--
ALTER TABLE `formatoc`
  MODIFY `idFormatoC` int(11) NOT NULL AUTO_INCREMENT;
--
-- AUTO_INCREMENT de la tabla `materia`
--
ALTER TABLE `materia`
  MODIFY `id_materia` int(11) NOT NULL AUTO_INCREMENT, AUTO_INCREMENT=63;
--
-- AUTO_INCREMENT de la tabla `profesor`
--
ALTER TABLE `profesor`
  MODIFY `idProfesor` int(11) NOT NULL AUTO_INCREMENT, AUTO_INCREMENT=34;
--
-- AUTO_INCREMENT de la tabla `programa`
--
ALTER TABLE `programa`
  MODIFY `idPrograma` int(11) NOT NULL AUTO_INCREMENT, AUTO_INCREMENT=46;
--
-- AUTO_INCREMENT de la tabla `usuario`
--
ALTER TABLE `usuario`
  MODIFY `USUID` bigint(20) NOT NULL AUTO_INCREMENT, AUTO_INCREMENT=5;
--
-- Restricciones para tablas volcadas
--

--
-- Filtros para la tabla `anteproyecto`
--
ALTER TABLE `anteproyecto`
  ADD CONSTRAINT `fk_anteproyecto_profesor1` FOREIGN KEY (`directorAnteproyecto`) REFERENCES `profesor` (`idProfesor`) ON DELETE NO ACTION ON UPDATE NO ACTION,
  ADD CONSTRAINT `fk_anteproyecto_programa1` FOREIGN KEY (`programaAnteproyecto`) REFERENCES `programa` (`idPrograma`) ON DELETE NO ACTION ON UPDATE NO ACTION;

--
-- Filtros para la tabla `estudiante`
--
ALTER TABLE `estudiante`
  ADD CONSTRAINT `fk_estudiante_programa1` FOREIGN KEY (`programaEstudiante`) REFERENCES `programa` (`idPrograma`) ON DELETE NO ACTION ON UPDATE NO ACTION;

--
-- Filtros para la tabla `estudiante_anteproyecto`
--
ALTER TABLE `estudiante_anteproyecto`
  ADD CONSTRAINT `fk_estudiante_anteproyecto_anteproyecto1` FOREIGN KEY (`anteproyecto`) REFERENCES `anteproyecto` (`idAnteproyecto`) ON DELETE NO ACTION ON UPDATE NO ACTION,
  ADD CONSTRAINT `fk_estudiante_anteproyecto_estudiante1` FOREIGN KEY (`estudiante`) REFERENCES `estudiante` (`idEstudiante`) ON DELETE NO ACTION ON UPDATE NO ACTION;

--
-- Filtros para la tabla `formatoa`
--
ALTER TABLE `formatoa`
  ADD CONSTRAINT `fk_formatoA_anteproyecto1` FOREIGN KEY (`anteproyectoFormatoA`) REFERENCES `anteproyecto` (`idAnteproyecto`) ON DELETE NO ACTION ON UPDATE NO ACTION;

--
-- Filtros para la tabla `formatob`
--
ALTER TABLE `formatob`
  ADD CONSTRAINT `fk_formatoB_anteproyecto1` FOREIGN KEY (`anteproyectoFormatoB`) REFERENCES `anteproyecto` (`idAnteproyecto`) ON DELETE NO ACTION ON UPDATE NO ACTION;

--
-- Filtros para la tabla `formatoc`
--
ALTER TABLE `formatoc`
  ADD CONSTRAINT `fk_formatoC_anteproyecto1` FOREIGN KEY (`anteproyectoFormatoC`) REFERENCES `anteproyecto` (`idAnteproyecto`) ON DELETE NO ACTION ON UPDATE NO ACTION;

--
-- Filtros para la tabla `materia`
--
ALTER TABLE `materia`
  ADD CONSTRAINT `fk_curso_departamento` FOREIGN KEY (`id_departamento`) REFERENCES `departamento` (`id_departamento`) ON DELETE NO ACTION ON UPDATE NO ACTION;

--
-- Filtros para la tabla `profesor`
--
ALTER TABLE `profesor`
  ADD CONSTRAINT `fk_profesor_programa1` FOREIGN KEY (`programaProfesor`) REFERENCES `programa` (`idPrograma`) ON DELETE NO ACTION ON UPDATE NO ACTION;

--
-- Filtros para la tabla `programa`
--
ALTER TABLE `programa`
  ADD CONSTRAINT `fk_programa_facultad1` FOREIGN KEY (`idfacultad`) REFERENCES `facultad` (`idfacultad`) ON DELETE NO ACTION ON UPDATE NO ACTION;

--
-- Filtros para la tabla `usuario`
--
ALTER TABLE `usuario`
  ADD CONSTRAINT `FK_USUARIOCARGO` FOREIGN KEY (`CARID`) REFERENCES `cargo` (`CARID`);

--
-- Filtros para la tabla `usuariogrupo`
--
ALTER TABLE `usuariogrupo`
  ADD CONSTRAINT `FK_GRUPOS_GRUID` FOREIGN KEY (`GRUID`) REFERENCES `grupo` (`GRUID`),
  ADD CONSTRAINT `FK_USUARIO_USUID` FOREIGN KEY (`USUID`) REFERENCES `usuario` (`USUID`);

--
-- Filtros para la tabla `usuario_departamento`
--
ALTER TABLE `usuario_departamento`
  ADD CONSTRAINT `fk_usuario_departamento_departamento1` FOREIGN KEY (`idDepartamento`) REFERENCES `departamento` (`id_departamento`) ON DELETE NO ACTION ON UPDATE NO ACTION,
  ADD CONSTRAINT `fk_usuario_departamento_usuario1` FOREIGN KEY (`idUsuario`) REFERENCES `usuario` (`USUID`) ON DELETE NO ACTION ON UPDATE NO ACTION;

--
-- Filtros para la tabla `usuario_programa`
--
ALTER TABLE `usuario_programa`
  ADD CONSTRAINT `fk_usuario_programa_programa1` FOREIGN KEY (`idPrograma`) REFERENCES `programa` (`idPrograma`) ON DELETE NO ACTION ON UPDATE NO ACTION,
  ADD CONSTRAINT `fk_usuario_programa_usuario1` FOREIGN KEY (`idUsuario`) REFERENCES `usuario` (`USUID`) ON DELETE NO ACTION ON UPDATE NO ACTION;

/*!40101 SET CHARACTER_SET_CLIENT=@OLD_CHARACTER_SET_CLIENT */;
/*!40101 SET CHARACTER_SET_RESULTS=@OLD_CHARACTER_SET_RESULTS */;
/*!40101 SET COLLATION_CONNECTION=@OLD_COLLATION_CONNECTION */;
